3e4fa3ed-a7fc-4d27-81b5-0b04494870c7,235081108,2020-12-30T11:33:23.244Z,2020-12-30T11:33:23.244Z,1,要睡回家睡,0,M
a17820e8-b932-4b4c-bb39-7edc14244af1,235081108,2020-12-30T11:39:02.170Z,2020-12-30T11:39:02.170Z,2,晚上,0,M
4c5216a2-811c-4148-b02f-9dedfa4c2850,235081108,2020-12-30T11:43:22.800Z,2020-12-30T11:43:22.800Z,3,手機收起來,0,M
bc5afaf3-6aed-4208-83bf-1e379ad29759,235081108,2020-12-30T11:44:27.634Z,2020-12-30T11:44:27.634Z,4,禮拜天晚上7-9喔～,0,F
04c24c62-9ee4-4378-a952-5d53fe61cfce,235081108,2020-12-30T11:51:38.785Z,2020-12-30T11:51:38.785Z,5,要睡回家睡,0,M
90c97dc4-ae78-4b54-8400-eed9dd024905,235081029,2020-12-30T11:13:40.128Z,2020-12-30T11:13:40.128Z,1,還好吧，講的是博士班招生。除非未來想走學術路線，不然沒事讀博士幹嘛！,1,M
6f7c7804-9a90-4eef-8a1b-573f0a09860c,235081029,2020-12-30T11:22:34.448Z,2020-12-30T11:22:34.448Z,2,財政學唸到博不知道會不會超痛苦⋯⋯⋯⋯,0,F
ba072d08-927e-4dd4-9a05-776929866ffc,235081029,2020-12-30T11:30:39.302Z,2020-12-30T11:30:39.302Z,3,想走學術的人沒有理由留在台灣念博吧,0,M
49982180-9a69-4f5a-9116-87d4e68cb640,235081029,2020-12-30T11:37:05.759Z,2020-12-30T11:37:05.759Z,4,土博又不值錢,0,M
0c5511e0-5a45-49dc-9888-ce0ad347ff88,235080665,2020-12-30T10:09:21.669Z,2020-12-30T10:09:21.669Z,1,四維堂旁邊大家一直丟垃圾那邊有個門走進去,1,F
f07dba2d-a8dd-4753-a4d5-a8a54b79bcef,235080665,2020-12-30T10:24:39.146Z,2020-12-30T10:24:39.146Z,2,謝謝妳B1,0,F
d8cb8f35-dc0c-442f-8eb2-92585c765a7d,235080665,2020-12-30T11:34:22.651Z,2020-12-30T11:34:22.651Z,3,"大二算老雞？
那大四是什麼？
烏骨雞？",0,M
cfa9a46c-236b-49fc-b104-0da9bd95a47c,235080665,2020-12-30T11:37:30.755Z,2020-12-30T11:37:30.755Z,4,"b3

北七 已經變炸雞了",0,M
4755b9a3-dae9-4ea0-81ba-6229ab458661,235080638,2020-12-30T10:37:45.974Z,2020-12-30T10:37:45.974Z,1,可以 你離校前要申請學分修習證明或是成績單之類的,1,M
899ca7cd-8ecf-40de-91b6-9df16dc086f6,235080638,2020-12-30T10:54:20.209Z,2020-12-30T10:54:20.209Z,2,可全抵,0,F
d25d7e48-4893-4325-84a9-f94c14a2f876,235079690,2020-12-30T07:18:34.860Z,2020-12-30T07:18:34.860Z,1,"運動啊 
前期更累 但是不久之後體力會變好",7,M
ba231e9d-1804-4b79-90ee-ce5ebc3ed3f3,235079690,2020-12-30T07:24:45.675Z,2020-12-30T07:24:45.675Z,2,實習到底是有多累,1,F
98a7ffaf-81cd-41b7-98bf-c89fa856eba5,235079690,2020-12-30T07:40:04.218Z,2020-12-30T07:40:04.218Z,3,B2 她寫加入職場一陣子不是實習吧真的很派誒,20,F
14e78a0b-4a9e-4d91-bda9-c89a68c9d501,235079690,2020-12-30T07:43:02.901Z,2020-12-30T07:43:02.901Z,4,我只是好奇問問...,0,F
7fb1eedb-8ef9-4d0b-977a-3efdd07ae90d,235079690,2020-12-30T08:15:41.248Z,2020-12-30T08:15:41.248Z,5,"我能夠明白
我也是看起來一直都很累
抱抱你
我也在努力接受自己的狀態",1,F
0b36963d-48e0-4634-842a-d8d913665b38,235079690,2020-12-30T10:55:47.133Z,2020-12-30T10:55:47.133Z,6,政大點？,1,M
919802ef-cb41-4353-802c-6cc291d66e90,235079690,2020-12-30T11:51:51.392Z,2020-12-30T11:51:51.392Z,7,運動，花個小錢去健身房買個一兩年，然後盡力維持早睡的習慣,0,M
7e39c733-c807-4173-9856-9f65e5c4b232,235079561,2020-12-30T06:39:51.438Z,2020-12-30T06:39:51.438Z,1,我殼以借你,0,M
a8f66f57-dd9e-40d5-ac3e-6b1c712628df,235079561,2020-12-30T06:41:30.926Z,2020-12-30T06:41:30.926Z,2,"我也可以借你
但我的好短⋯",0,F
1f99c16b-d0f0-4e0a-a9f3-e6f71bf53306,235079561,2020-12-30T07:24:10.379Z,2020-12-30T07:24:10.379Z,3,我有多一件，租你要不要,0,M
ae241ca4-3bd0-4024-8a4c-5bd02d92888b,235079551,2020-12-30T06:35:10.286Z,2020-12-30T06:35:10.286Z,1,推！我也想問！,1,M
1fc8dee5-d4a0-4b69-8392-97404c648318,235079551,2020-12-30T06:46:22.601Z,2020-12-30T06:47:06.881Z,2,"：向中國推銷民主是滿滿的惡意！民主會
   帶來不穩定以及動亂！會死很多人！
：老師那台灣的情況怎麼說？
：我們先談別的。",1,M
25afa0f3-6ca7-423a-9589-28e455436420,235079551,2020-12-30T06:48:12.909Z,2020-12-30T06:48:12.909Z,3,B2 老師：中國如果變成民主社會，中國人民一定會馬上開戰 統一台灣⋯⋯,0,M
d6035c7d-76df-46f3-9082-49f74ad18ad3,235079551,2020-12-30T06:49:08.100Z,2020-12-30T06:49:08.100Z,4,B3小心選擇你的敵人！確定要跟十四億人為敵嗎？,1,M
86f14c12-bafe-4815-836e-9ed8152af086,235079551,2020-12-30T06:53:18.510Z,2020-12-30T06:53:18.510Z,5,：抗日的時候 中共一心只想對抗日本 國民黨卻這樣對中共趕盡殺絕 中共逼不得已只能被迫反擊 各位試想 如果你只想合作一起抗日 卻被視為異類圍剿 你會怎麼做,0,M
2f99f0e1-f314-499f-a8ff-1cbaaa4bc2e0,235079284,2020-12-30T05:54:41.435Z,2020-12-30T05:54:41.435Z,1,寫名字就十分了誒,0,M
af698813-ba3a-4158-9f95-2e8ddf05278f,235079284,2020-12-30T06:59:12.094Z,2020-12-30T06:59:12.094Z,2,B1 請問哪個老師寫名字就10分了？！謝謝~,0,F
1d31f4da-985f-44bf-aa6e-4e30150c0c77,235079284,2020-12-30T07:19:02.296Z,2020-12-30T07:19:02.296Z,3,不是高微嗎⋯⋯,0,M
711c9cac-a2c2-4a1d-9384-d191f112ffcb,235079284,2020-12-30T09:29:55.708Z,2020-12-30T09:29:55.708Z,4,不太可能吧,0,M
78450b28-a1b9-4b54-83d0-70d87b6548d4,235079249,2020-12-30T06:27:15.385Z,2020-12-30T06:27:15.385Z,1,：我跟林國全老師是好朋友,5,M
fb41a2c8-568b-456c-8ff4-a898e1d8321e,235079249,2020-12-30T06:48:05.176Z,2020-12-30T06:48:05.176Z,2,：我敬愛的榴蓮慾教授,3,M
fdc1e651-ea31-4f72-8268-50cdacf4cc2b,235079249,2020-12-30T07:22:04.124Z,2020-12-30T07:22:04.124Z,3,有想過某班連法條都不能帶的感受嗎,4,M
31013d70-a4a4-4c07-9218-00b037015067,235079249,2020-12-30T09:46:04.879Z,2020-12-30T09:46:04.879Z,4,嗯 可以 還可以帶學習式六法,0,M
b8908116-42ea-44dd-b9c2-4e70845d9bf1,235079219,2020-12-30T05:57:56.958Z,2020-12-30T05:57:56.958Z,1,這週沒停課啊？？,1,M
4ef30950-18d4-4917-b322-c1cea9533507,235079219,2020-12-30T06:49:24.110Z,2020-12-30T06:49:24.110Z,2,"記得去年修的時候他是考選擇+幾題問答
然後我是把每個章節看起來可以當考點的看一下
跟他上課疑似有特別強調過的地方看一下
期末考大概就可以看懂七八成了
但最後也沒公佈期末成績所以我也不知道拿幾分😂",0,F
fc28ccf6-0cb9-48be-86f7-3de0a80e4760,235079219,2020-12-30T07:27:56.634Z,2020-12-30T07:27:56.634Z,3,B1 天阿我看錯了 那想請問一下 有點名嗎今天 謝謝你！！！,0,F
c8716bc3-91b1-4e4f-a5c1-8fbb34408ecf,235079219,2020-12-30T07:28:30.306Z,2020-12-30T07:28:30.306Z,4,B2 我大一都沒什麼人可以問 超級感謝你 期末嗨趴嗨趴！！！,0,F
5accb116-8e35-4676-8fec-7d8e0b90a4cf,235079219,2020-12-30T07:28:52.162Z,2020-12-30T07:28:52.162Z,5,"B2 老師這學期沒有給教材欸：（
請問妳是看什麼來準備的（有夠著急😣）",0,M
00f72d2b-b88b-40e1-ae33-b1c19211a17b,235079219,2020-12-30T07:58:03.732Z,2020-12-30T07:58:03.732Z,6,"B5 老師什麼都沒給 我上課也都聽不懂：）只有亂抄他白板上的關鍵字 然後回去看課本
課本一週努力啃一下應該是沒問題的",0,F
5c7d6408-d5e2-4c48-a044-b92ffff2a5c3,235079219,2020-12-30T08:31:26.017Z,2020-12-30T08:31:26.017Z,7,"b0 沒點名 他說期末報告可以延後一週交 
b5 買中文版課本看XD",0,M
f873e3d2-2385-41a0-a80e-5ff0074b9657,235079219,2020-12-30T08:50:01.688Z,2020-12-30T08:50:17.076Z,8,,,
d39cd319-1050-4298-a967-20c67ed6dbf5,235079219,2020-12-30T09:20:03.263Z,2020-12-30T09:20:03.263Z,9,"印象中是考一些他上課講的東西
只是通常大家都不知道他上課在講什麼
記得去年問答有題好像是考
Process layout 跟 Product layout的比較",0,M
87351fb3-9fa1-48e5-bb97-9aa86e50a0ad,235079219,2020-12-30T09:52:03.104Z,2020-12-30T09:52:03.104Z,10,希望分數不要太難看嗚嗚,0,F
ab8d953b-b125-42dc-a4d1-8d8f01ae6968,235079130,2020-12-30T05:59:16.145Z,2020-12-30T05:59:16.145Z,1,https://i.imgur.com/R52hbid.jpg,1,M
1473f798-66a1-4d91-a808-58fe7ebfa578,235079130,2020-12-30T08:40:11.742Z,2020-12-30T08:40:11.742Z,2,有狗勾就推推><,0,F
ffc02ab3-29e7-493c-b537-6f8a98bd74c6,235078933,2020-12-30T05:04:46.895Z,2020-12-30T05:04:46.895Z,1,"自己爬蟲下來
python加總一下啊",0,M
a305e9fc-3327-412f-a6f1-cd1ea0c1e571,235078933,2020-12-30T05:19:39.248Z,2020-12-30T05:19:39.248Z,2,B1 拿爬蟲來做這個也太小看爬蟲了吧,3,F
75b6963b-1a1d-440d-9164-81f765b75919,235078933,2020-12-30T05:39:00.237Z,2020-12-30T05:39:00.237Z,3,打成一片？這只是表象，弟弟你太單純了,0,F
51c4f1dd-5b77-4e62-a6c3-b5f49bf957df,235078933,2020-12-30T05:45:57.572Z,2020-12-30T05:45:57.572Z,4,保險法大佬確實打成一片,59,M
2b91f4f2-641b-4f0c-abee-40d806a57089,235078933,2020-12-30T06:15:24.837Z,2020-12-30T06:15:24.837Z,5,B2 應該是大砲打小鳥吧,0,M
c7ce4467-0bf6-4a69-9752-76101d183d35,235078933,2020-12-30T06:18:23.340Z,2020-12-30T06:18:23.340Z,6,😢,1,F
88dd6f6d-9eba-4876-a82e-163277e8ba85,235078933,2020-12-30T11:14:55.895Z,2020-12-30T11:14:55.895Z,7,內鬥鬥得不亦樂乎,0,M
e99d22b2-5cf7-4ff5-a05d-92f31e978862,235078873,2020-12-30T04:43:53.406Z,2020-12-30T04:43:53.406Z,1,老師說期末很簡單 躺著寫,1,M
3ad10432-8ebf-44d9-b09e-a42a28a7f2ae,235078873,2020-12-30T04:52:21.561Z,2020-12-30T04:52:21.561Z,2,今天沒來的期末不用來了,4,M
73f759b6-d274-4b37-9c92-7802fb3e57ce,235078873,2020-12-30T11:23:16.055Z,2020-12-30T11:23:16.055Z,3,"請問上這堂課的同學推嗎？
小弟下學期正在考慮要不要選",0,M
dffe94c8-9bfb-41b7-af64-f480e01616e2,235078808,2020-12-30T05:19:47.235Z,2020-12-30T05:19:47.235Z,1,債券評價,0,F
64a9c144-6171-4a30-b08f-a70735e0324e,235078808,2020-12-30T05:27:27.888Z,2020-12-30T05:27:27.888Z,2,政治大學治理,5,M
179a3608-2d55-4eea-a5d8-4134fdbb86a9,235078808,2020-12-30T07:41:22.495Z,2020-12-30T07:41:22.495Z,3,想借串問周行一老師投資學的評價🥺 謝謝各位,0,F
8f6c2b44-c2f0-494f-8ef6-bafe60826a2f,235078808,2020-12-30T08:06:27.211Z,2020-12-30T08:06:27.211Z,4,B3 我個人覺得還可以，就是每1-2週會有作業，但期中考有點偏難⋯,0,F
e2af817c-e812-445e-b9a2-01fda363edc3,235078808,2020-12-30T08:21:30.402Z,2020-12-30T08:21:30.402Z,5,B1  感謝 那有作業嗎,0,M
6d4f410d-ed43-47f4-889f-9f36c3e5ebee,235078808,2020-12-30T09:06:21.722Z,2020-12-30T09:06:21.722Z,6,B5 沒有,0,F
51b19b2c-f60c-407c-adca-e490e91c52ba,235078322,2020-12-30T03:09:18.423Z,2020-12-30T03:09:18.423Z,1,有！,1,M
0dee6c49-36f5-4c8c-95b7-10f46475662e,235078322,2020-12-30T03:30:31.840Z,2020-12-30T03:30:31.840Z,2,"有！
大家一起集氣可以順利出去",3,M
0dce3edc-3141-40f0-b086-ee8edb3a2ce1,235078322,2020-12-30T03:32:40.640Z,2020-12-30T03:32:40.640Z,3,"歐洲疫情明年真的能結束嗎
上了還不錯的學校希望可以去🥺",8,M
3b2d5dda-cb87-4414-ab7b-4971498dae03,235078322,2020-12-30T03:37:08.460Z,2020-12-30T03:37:08.460Z,4,疫情拜託快結束🙏,2,F
c5222f2a-248f-4f6e-8612-a65079f5dc38,235078322,2020-12-30T03:44:47.150Z,2020-12-30T03:44:47.150Z,5,上了ya,0,M
8686d7bb-0233-4647-9e81-e3158507792a,235078322,2020-12-30T03:51:50.182Z,2020-12-30T03:51:50.182Z,6,上了第一志願 希望可以去😭,2,F
5343ac94-56b7-4314-994b-70b541e49f75,235078322,2020-12-30T05:04:43.091Z,2020-12-30T05:04:43.091Z,7,"明年應該可以出去
明年12月",0,M
c44e0358-b235-47bb-a9c6-2ee2d1ac3189,235078322,2020-12-30T05:47:37.609Z,2020-12-30T05:47:37.609Z,8,我上了大葉,0,M
ea4cc3ad-f7d3-4dbf-9239-f8cb0cb9cb61,235078322,2020-12-30T09:10:43.251Z,2020-12-30T09:10:43.251Z,9,我也上了第一志願！超開心的啦,0,F
afce5d7d-eaf3-4d9a-812e-6d7b3fa0a4f4,235078322,2020-12-30T11:19:17.883Z,2020-12-30T11:19:17.883Z,10,落榜 給噓,0,M
30849811-3720-4697-88df-548ff3277140,235078281,2020-12-30T02:52:51.977Z,2020-12-30T02:52:51.977Z,1,微甲聽起來超噁,6,M
ac4ef2c6-edcd-4a44-9090-bc5e5769ae73,235078281,2020-12-30T03:30:31.576Z,2020-12-30T03:30:31.576Z,2,B1我也覺得講這種話的人超噁,9,M
1089b8bb-3f2c-4859-832d-a74c3b0cf07f,235078281,2020-12-30T05:07:34.929Z,2020-12-30T05:07:34.929Z,3,國貿大二來給你加油！  雖然我下學期也沒過 下學期要重修😭,1,F
171c991b-2180-4140-a0b4-895e557f8df7,235078281,2020-12-30T05:47:30.870Z,2020-12-30T05:47:30.870Z,4,https://i.imgur.com/jdMrdzn.jpg,0,M
8c681484-ed8f-4d4f-82ab-2ca0b209cc7f,235078281,2020-12-30T06:15:00.033Z,2020-12-30T06:15:00.033Z,5,"可以請問⋯他會調分嗎😥妳也是修他的嗎～～～～
B3",0,F
da7a0fb6-5c3c-4280-81bd-55820877d6a6,235078281,2020-12-30T08:43:14.703Z,2020-12-30T08:43:14.703Z,6,"我們之前有調 但我是修數學系開的
不知道這個資訊有沒有用",0,F
9fe4912d-b2bc-4ebd-9f33-21deab00bf16,235078281,2020-12-30T08:49:08.814Z,2020-12-30T08:49:08.814Z,7,"所以你也是修曾睿彬的囉😅
我的原始分數應該只會有30、40⋯⋯好恐
B6",0,F
6da4afc4-999f-4286-8ff6-76068eb17a44,235078281,2020-12-30T08:51:33.156Z,2020-12-30T08:51:33.156Z,8,B7 對 我是修他的,0,F
7ae50c63-7d68-4598-a7e5-7204c14b5054,235078281,2020-12-30T08:55:43.195Z,2020-12-30T08:55:43.195Z,9,那他調的多嗎（對不起一直問你～下學期當同學我們一起努力！）B8,0,F
2b7eb4eb-46e5-4628-b4ea-3157f8b41adb,235078206,2020-12-30T02:34:54.522Z,2020-12-30T02:34:54.522Z,1,最後一堂課是下禮拜,0,M
47f4bbde-ee74-48f2-af86-2798561ec1a4,235078206,2020-12-30T02:38:24.680Z,2020-12-30T02:38:24.680Z,2,下去,0,M
1ae1a7d8-21fd-40ec-8581-9ef227bdfd5d,235078206,2020-12-30T03:10:14.601Z,2020-12-30T03:10:14.601Z,3,那能問一下，下禮拜會上什麼？我記得是演講嗎？B1,0,M
c51e9a2e-cb24-4df1-bb4c-e1d0f7a1d220,235078157,2020-12-30T02:37:20.622Z,2020-12-30T02:37:20.622Z,1,文組好無聊,19,F
8b5a9412-7c5e-4a3e-a6e2-cf652bccfb13,235078157,2020-12-30T02:50:06.831Z,2020-12-30T02:50:14.985Z,2,這麼冷還有人在挑起是非喔（吃爆米花）,14,F
10f6e75e-1786-49cb-8ebd-9affe465fe16,235078157,2020-12-30T03:07:20.442Z,2020-12-30T03:07:41.621Z,3,,,
718ef0fc-d488-4fff-ab09-f8bf8bc7c752,235078157,2020-12-30T03:26:00.544Z,2020-12-30T03:26:00.544Z,4,閱 新年快樂🥳🥳🥳,5,F
0ae0b876-e803-4ca9-aa15-10d487e120a1,235078157,2020-12-30T03:39:10.041Z,2020-12-30T03:39:10.041Z,5,是我理解有問題嗎,0,F
d42baa2d-9e38-4de0-b50d-7f6a6ee14d79,235078157,2020-12-30T05:24:41.625Z,2020-12-30T05:24:41.625Z,6,好冷喔 大家記得保暖,3,F
078f77f3-68c2-49e0-a9b6-36dc9e1c38d9,235078157,2020-12-30T06:34:02.432Z,2020-12-30T06:34:02.432Z,7,原po新年快樂🥳,2,F
e0ebfe18-a500-426b-8a2e-84ceaaca0859,235078157,2020-12-30T08:30:15.570Z,2020-12-30T08:30:15.570Z,8,謝謝樓上們也祝你們新年快樂  好久沒跟同齡女生說話了，不過有人要來討論嗎?,0,M
157a1f67-9696-43e6-b465-59f241a51908,235078157,2020-12-30T08:38:53.185Z,2020-12-30T08:38:53.185Z,9,"壞人要被教育 但你不能改變天氣啊⋯
還是我太認真了⋯⋯",0,M
20bde815-a712-44c9-b8ad-78ee098b67f7,235077897,2020-12-30T00:56:31.915Z,2020-12-30T00:56:31.915Z,1,因該是映出來,0,M
cb29b3d4-402b-4abe-bf1b-001b6448113b,235077787,2020-12-30T00:08:51.972Z,2020-12-30T00:08:51.972Z,1,早8好不想出門😢,0,M
59931ba3-c460-4228-a25f-bfd4e0a5fdaf,235077787,2020-12-30T00:34:23.127Z,2020-12-30T00:34:23.127Z,2,想舔冰棒,4,M
981dc81c-d161-4df6-9d61-1a7aecd38575,235077787,2020-12-30T01:18:53.704Z,2020-12-30T01:18:53.704Z,3,明天會更冷 記得穿多一點ㄛ,0,F
e4d4e89a-980f-4569-8a37-cf0e757c1c7d,235077787,2020-12-30T06:19:13.851Z,2020-12-30T06:19:13.851Z,4,"https://i.imgur.com/rq9XJHI.jpg
上車!!!",1,M
7dd5d52d-c97a-438b-988f-8db1d467418c,235077681,2020-12-30T00:24:28.817Z,2020-12-30T00:24:28.817Z,1,卡,0,M
d5a2b674-97ad-43f8-ad5b-cd6ececd52bf,235077681,2020-12-30T03:53:36.775Z,2020-12-30T03:53:36.775Z,2,跟駐警隊講ㄚ,0,M
510e97cd-f065-49fd-9f18-41597216651d,235077681,2020-12-30T04:23:25.708Z,2020-12-30T04:23:25.708Z,3,報警ㄚ,1,M
f8bd9518-bc9f-42c5-be7c-2fc8553c5064,235077681,2020-12-30T05:36:02.607Z,2020-12-30T05:37:18.076Z,4,"1.講過了沒用
2.駐警隊自己就是校內的煙害防治法取締單位 好諷刺

有沒有有力的同學能處理這事？",1,F
afc82afa-d009-4459-b16b-2ae6932889eb,235077681,2020-12-30T10:56:23.956Z,2020-12-30T10:56:23.956Z,5,是警衛自己在裡面抽菸？,0,M
ae9c04bb-a151-4cb0-91f5-67efcfc78dd0,235077681,2020-12-30T10:58:25.979Z,2020-12-30T10:58:25.979Z,6,"駐警隊很大尾嘛 今天還在7長座談會議上對同學大小聲
不過同學 沒圖沒真相耶...",2,M
97b8e072-3249-4b82-8309-fff03f0ff40d,235077629,2020-12-29T21:20:17.750Z,2020-12-29T21:20:17.750Z,1,幹睡沒幾個小時被嚇醒超不爽= =,2,F
f27bd3e3-c74a-4eb4-ad76-19ce1b99cd0c,235077629,2020-12-30T00:53:00.435Z,2020-12-30T00:53:00.435Z,2,睡死ㄌ...,0,M
5e035a5b-d2bb-4246-ad7c-30b841c5c317,235077629,2020-12-30T01:09:26.598Z,2020-12-30T01:10:12.506Z,3,最幹的是一堆智障半夜會在走廊上聊天，還有手殘仔晚上關門的時候都甩門，影響別人的睡眠，我都好奇到底是媽媽沒教關門不要甩門還是是他們自己的問題,10,M
23e4e0b9-5d7c-488f-b7e4-7249a71b00a9,235077629,2020-12-30T02:01:14.137Z,2020-12-30T02:01:14.137Z,4,"B3 一個原因也是因為這裡的破牆隔音有夠爛
在自六房間至少不會聽到隔壁打LoL亂叫==",5,M
1edb1f3b-9ff0-49c2-9220-62506bec6f7f,235077629,2020-12-30T02:28:24.584Z,2020-12-30T02:28:24.584Z,5,廁所不通可以自己買疏通劑,0,M
5e178df9-173d-413d-8600-5f77b2e6b496,235077629,2020-12-30T04:45:43.397Z,2020-12-30T04:45:43.397Z,6,"隔音真的爛
聊天內容聽得超清楚
我都快變成隔壁房間的隱藏室友了",2,F
4742d05d-ca52-467a-9d6a-dcdd37edc44f,235077629,2020-12-30T05:20:22.327Z,2020-12-30T05:20:22.327Z,7,"B6 
我隔壁兩邊都喜歡在半夜大聲聊天
我就檢舉他們了 
鄰居真的都欠檢舉

然後隔音真的太差
我常常聽到隔壁的打呼聲",2,F
dac146dd-e5ca-42e1-a3e8-9f00f35d618c,235077629,2020-12-30T06:18:17.571Z,2020-12-30T06:18:17.571Z,8,"B7 你住哪可以透露一下嗎
最近半夜也有被吵到",0,F
44339635-974e-4ebd-894a-ce7305c4e0ef,235077629,2020-12-30T06:20:51.793Z,2020-12-30T06:20:51.793Z,9,排水孔買一罐通樂就可以解決,0,M
d8d588ef-b325-49d9-aa69-8342ef3263ce,235077629,2020-12-30T08:16:32.219Z,2020-12-30T08:16:32.219Z,10,"B7 我隔壁兩邊也是超愛大聲聊天
尤其在睡覺時間
然後有一邊超喜歡大聲唱歌
搞得我快瘋掉

話說檢舉是只要打去服務中心就可以了嗎",1,F
801153e7-d3c5-4067-a1be-ff4336e4dde9,235077629,2020-12-30T08:49:00.462Z,2020-12-30T09:19:07.443Z,11,"B8 自十D一樓單人房

B10 手機撥02-8237-5000
寢室電話直撥75000
直接說哪一房在吵，她就會去處理了",0,F
ee35b959-0ad9-4ddb-90d6-19a3d83070b3,235077629,2020-12-30T09:01:41.413Z,2020-12-30T09:01:41.413Z,12,"講一下我的小故事
之前大二住在自十雙人房
隔壁住兩個外籍生
然後兩個外籍生每個星期二晚上固定會大聲聊天+講電話+唱歌到3，4點
關門每次都會驚動一整層
我怎麼檢舉怎麼反應他們都不理會
跟大家講一下有這個狀況
檢舉之後還是遇到臉皮很厚的人的可能",0,F
8fb84d46-a253-4c83-bc58-2ce2aafe2157,235077455,2020-12-30T01:24:05.105Z,2020-12-30T01:24:05.105Z,1,教學大綱可能會有,2,F
ad7cb0fc-b3f3-4c39-a150-d5c952ea5d16,235077455,2020-12-30T04:31:46.369Z,2020-12-30T04:31:46.369Z,2,wm5的通訊錄應該也有,1,F
2aa44529-e3ac-47dc-ace1-6863bb50219a,235077455,2020-12-30T05:20:49.310Z,2020-12-30T05:20:49.310Z,3,moodle也有,1,F
53249320-7322-4e5a-9162-846ee0bad117,235077455,2020-12-30T08:00:25.873Z,2020-12-30T08:00:25.873Z,4,"系所網頁也可以查到老師的聯絡方式

另外，同學你查了什麼 我剛剛用行動政大試了一下很OK啊",0,F
bf12c6c2-cdd5-4da2-90e1-039bfed54eb0,235077455,2020-12-30T11:22:01.613Z,2020-12-30T11:22:01.613Z,5,"我用的時候偶爾也會有這種問題
你試試看點進最後一頁的會員管理
重新登入之後也許就正常了",0,M
b61981b5-4f29-49ad-bd36-8a070724bf30,235077339,2020-12-29T19:49:43.270Z,2020-12-29T19:49:43.270Z,1,作業題目會有 大部分都不用用到code 都像是是非題簡單的概念,0,M
0ffed10a-8d53-4c71-a6ca-535e18258f27,235077339,2020-12-30T02:27:07.699Z,2020-12-30T02:27:07.699Z,2,B1 了解 大感謝,0,M
71653e25-db38-430e-b6bc-866148a87de6,235077217,2020-12-29T18:29:27.617Z,2020-12-29T18:29:27.617Z,1,不讀書嗎哈,0,M
a715411e-5867-46a9-a624-da10968c22d6,235077217,2020-12-29T18:32:14.153Z,2020-12-29T18:32:14.153Z,2,B1 你可以讀到11.出門 然後明天睡到中午起床下午繼續奮鬥 合理吧,0,M
b5c6b49c-fe42-4d2e-a0d5-ef8b4f909c00,235077217,2020-12-29T18:32:42.944Z,2020-12-29T18:32:42.944Z,3,嗚嗚嗚住山上懶得出門B2,0,M
a3817c15-1df0-42ca-a606-246b2f20dc6c,235077217,2020-12-29T18:33:01.375Z,2020-12-29T18:34:00.139Z,4,B3 我也住山上喔 有沒有心而已🥺🥺,1,M
981cbb2e-c7f4-4502-aeca-8dc10f53d338,235077217,2020-12-29T18:35:00.637Z,2020-12-29T18:35:00.637Z,5,錢很多,1,F
1cd2c2b1-4075-4a81-9c0e-005ea2282afc,235077217,2020-12-29T18:36:28.143Z,2020-12-29T18:36:28.143Z,6,B5 跨年捏🥺🥺一年一次 也不知道有什麼其他的地方了嗚嗚起洽,0,M
c06edd54-17a5-4227-b6af-ef837ee84354,235077217,2020-12-29T18:43:41.513Z,2020-12-29T18:44:13.032Z,7,其實我大三了啦哈哈不像你小大一B4,0,M
3a0d4fc7-fd34-40dc-bf03-4aa80ef2e44a,235077217,2020-12-29T19:27:00.232Z,2020-12-29T19:27:00.232Z,8,B7 不太懂 什麼不像你 大三高人一等是嗎,10,M
8777ce78-97fd-45e7-96ee-ba9453ce9868,235077217,2020-12-29T21:27:25.304Z,2020-12-29T21:27:25.304Z,9,Sean哥開包肯定要走起啊！,1,M
b031f59e-f9bd-49ce-824b-92ddaa6db7c9,235077217,2020-12-29T23:56:08.981Z,2020-12-29T23:56:08.981Z,10,還敢群聚啊台灣人,3,M
d10b4bdf-eb0f-4d15-a632-419b0457a5df,235077217,2020-12-30T01:51:56.902Z,2020-12-30T01:51:56.902Z,11,大一猴==,1,F
0b124f3b-c749-4a2a-893d-2d052a049d8c,235077217,2020-12-30T02:13:23.377Z,2020-12-30T02:13:23.377Z,12,B9 謝謝 委員,0,M
cc5671ad-5dd0-40f7-a0c4-b913bf9cadf8,235077217,2020-12-30T02:58:39.836Z,2020-12-30T02:58:39.836Z,13,已經買票了 希望到時候能巧遇！,1,M
f1073781-677a-4b9d-9861-4aaa0e5361d9,235077217,2020-12-30T03:34:30.406Z,2020-12-30T03:34:30.406Z,14,祝全部武肺,0,M
dd5a7b83-cadf-43a0-887b-b884c5aa8471,235077217,2020-12-30T06:03:53.106Z,2020-12-30T06:03:53.106Z,15,"跨年場1人只要一千
這麼便宜？！",0,M
486909ab-ee2f-44f0-91c6-4f56dd20e73a,235077217,2020-12-30T06:05:01.815Z,2020-12-30T06:05:47.031Z,16,"B13 當天如果看到一個男的身邊圍著一群女的，記得來打招呼。那不會是我，我也想認識😣
B14 謝謝你的祝福，這幾天比較冷記得多穿一點🥰",0,M
cf35746f-6277-48c9-940c-05f13086aebc,235077217,2020-12-30T08:21:05.192Z,2020-12-30T08:21:05.192Z,17,🐒,0,F
8fc3f83a-f57a-43c0-9ed7-aaf596ca1340,235077217,2020-12-30T08:21:58.454Z,2020-12-30T08:21:58.454Z,18,B7 大三了還住山上應該是比較慘的那個吧==,0,M
b650cbc2-2525-4f8d-9fa3-d7d8ff86da80,235077217,2020-12-30T08:31:30.638Z,2020-12-30T08:42:16.832Z,19,供三小 我說大一很有活力不像大三很厭世 你有事嗎,0,M
3082598f-05bb-4d04-8c19-33601f62d515,235077217,2020-12-30T08:42:00.470Z,2020-12-30T08:42:00.470Z,20,懶得找外宿B18,0,M
5a1ec2ca-13d6-4fa7-8d13-5a0759d463f8,235077217,2020-12-30T11:39:44.419Z,2020-12-30T11:39:44.419Z,21,B19 好 搜哩誤會你意思,0,M
b798d1ad-fc9e-44b4-a475-1e8b4cc46b65,235076609,2020-12-29T16:34:43.020Z,2020-12-29T16:34:43.020Z,1,我炒給你吃,2,F
c4aa4984-2688-473c-94b3-b1861adbbf73,235076609,2020-12-29T16:35:04.200Z,2020-12-29T16:35:04.200Z,2,"不知道馬明潭對你來說算不算遠...
那裡有一家叫「春美」的不錯",2,M
53353365-b10e-4040-a5c8-99cfefbd3c6d,235076609,2020-12-29T16:35:23.073Z,2020-12-29T16:35:23.073Z,3,加賀的還不錯！,0,M
0692a305-4565-4c48-b352-12b1a6d68622,235076609,2020-12-29T16:37:30.590Z,2020-12-29T16:37:30.590Z,4,"B1 哪裡能找到你
B2 近 感謝推薦",0,M
7ae2f35f-9ae2-419e-8f64-5a81e5357ebe,235076609,2020-12-29T16:37:39.647Z,2020-12-29T16:37:39.647Z,5,加賀屋讚,0,M
0585f2cd-e95d-4e3b-aa67-5375a8f76bc0,235076609,2020-12-29T16:38:57.694Z,2020-12-29T16:38:57.694Z,6,B3 B5 感謝 有吃過加賀但覺得偏普,0,M
3f1c17ac-6b5c-443d-ac72-704f28148aab,235076609,2020-12-29T17:33:24.368Z,2020-12-29T17:33:24.368Z,7,我也超愛鮭魚ㄉ,0,F
1ce70f03-386d-4ffd-956f-46d172fdf4ee,235076609,2020-12-29T17:54:45.541Z,2020-12-29T17:54:45.541Z,8,炒飯炒起來B1,0,M
06229c4c-9c7f-4e60-bdc8-54b68eea61e6,235076609,2020-12-29T18:06:20.450Z,2020-12-29T18:06:20.450Z,9,淡水 簏籩,0,M
6d56c0e1-8e00-4821-a0bc-e46629133ddd,235076609,2020-12-29T18:44:54.970Z,2020-12-29T18:44:54.970Z,10,我比較想知道你家附近的是哪間,1,F
c00f9093-f41c-4c24-8d57-dc49dd372035,235076609,2020-12-29T20:42:11.498Z,2020-12-29T20:42:11.498Z,11,萬芳醫院對面 西紅柿的鮭魚炒飯 超好吃,3,M
994de291-7720-40e0-8fcb-63ea32493cd4,235076609,2020-12-30T07:04:17.018Z,2020-12-30T07:04:17.018Z,12,7-11微波食品,0,F
21c3aef9-231b-4535-84eb-32b95e62390f,235076380,2020-12-29T16:10:39.300Z,2020-12-29T16:10:39.300Z,1,"卡 同問
政大校地都那麼小
好不容易有個三角地可以搞都更
為什麼不TOD蓋捷運共構大樓啊啊啊",10,M
f898778b-3702-4f37-8fb4-ac71bff372f0,235076380,2020-12-29T16:10:54.454Z,2020-12-29T16:10:54.454Z,2,好神奇 從來沒想過這個解法 好奇+1,4,M
ba0c42a4-4035-416b-a790-0db53dc68ab2,235076380,2020-12-29T16:25:27.919Z,2020-12-29T16:25:27.919Z,3,"說不定是土地容積的問題
不過我也不懂啦
求高手解答",0,F
496dc373-9c69-47eb-b90d-99c47d665d1c,235076380,2020-12-29T16:31:17.644Z,2020-12-29T16:31:17.644Z,4,卡 坐等神人,0,M
0c507013-6ca1-4622-bd15-b569a27556c5,235076380,2020-12-29T16:38:13.681Z,2020-12-29T16:38:13.681Z,5,問地政啊 他們不是都在學這個,3,M
26b81520-5a8f-486f-81e7-ef3d4257adf6,235076380,2020-12-29T16:41:37.327Z,2020-12-29T16:41:37.327Z,6,"目前是只有這個資料啦...
https://twur.cpami.gov.tw/zh/urban/govplan/view/42",6,M
955ebdd7-b966-4b71-a97b-751b63c0b22e,235076380,2020-12-29T16:48:49.505Z,2020-12-29T16:48:49.505Z,7,下樓就捷運比一堆新建案還潮欸,26,M
66719c61-621d-4661-b459-74e2b3a90c0a,235076380,2020-12-29T17:04:30.986Z,2020-12-29T17:04:30.986Z,8,我才不要住在捷運樓上...,2,M
fead7081-a3c8-4188-ba1b-859c5d1e1521,235076380,2020-12-29T17:58:21.712Z,2020-12-29T18:05:49.079Z,9,,,
b3b476f2-dd17-420c-9cb4-b6268766cb7a,235076380,2020-12-29T18:16:47.429Z,2020-12-29T18:16:47.429Z,10,我需要那幢捷運上蓋的酷宿舍,9,M
afec5384-97d9-455f-b773-fea5116fe5dd,235076380,2020-12-29T18:21:59.566Z,2020-12-29T18:21:59.566Z,11,https://i.imgur.com/jt21VIx.jpg,5,M
9c9b1187-d988-474f-92f5-3f07185f1894,235076380,2020-12-30T00:51:29.966Z,2020-12-30T00:51:29.966Z,12,卡 等資班大神解答,3,M
1f2dcd9b-4c7b-4919-9a5f-536b1f54d361,235076380,2020-12-30T01:45:02.555Z,2020-12-30T01:45:02.555Z,13,"剛好想到一個問題
要是下樓就捷運
你平時不就被吵死
整天轟隆轟隆",6,M
ef315cd4-9d18-421c-a8d9-8ca36f250e0c,235076380,2020-12-30T01:56:53.732Z,2020-12-30T01:56:53.732Z,14,B13 轟隆隆隆 引擎發動,3,M
00697f2f-d2d9-4a39-8749-03711f719001,235076380,2020-12-30T02:10:05.269Z,2020-12-30T02:10:05.269Z,15,"可能原因：
1、有指南宿舍了而且不遠
2、宿舍聯開很難攤提費用，且為了品質勢必得委外經營
3、TOD不是這樣用",0,M
389e4764-16dc-4e97-9660-e80b8863f0a3,235076380,2020-12-30T05:08:42.433Z,2020-12-30T05:08:42.433Z,16,老師...我好想修規實...,1,M
c34b9a5b-6a1e-403a-a24f-ee511864f4a7,235076380,2020-12-30T05:27:44.372Z,2020-12-30T05:27:44.372Z,17,"我是政大的話🏫
就算能蓋也不要蓋宿舍🏘️
又賺不了錢😭",0,M
2642fa19-e3f5-48a9-abcb-b4072e95b98b,235076380,2020-12-30T05:43:34.782Z,2020-12-30T05:43:34.782Z,18,"要聯開不是很簡單的
要考慮各種建設管制、建設成本、規劃成本
光是隔音的部分成本就會大幅提升 
再加上後續維護
要怎麼跟北捷分攤
更不用說學校現在根本沒錢",2,F
b2ac9c62-bf9d-49a4-b1bb-c6fc63185c95,235076380,2020-12-30T08:48:28.445Z,2020-12-30T08:48:28.445Z,19,印象中之前某次校務會議郭老大有說想爭取捷運共構商場，地上15層以上的聯開宿舍,0,M
4fbdaf81-29d4-4c7d-b583-b6815692bc46,235076380,2020-12-30T09:19:25.160Z,2020-12-30T09:19:25.160Z,20,B19 不愧是社會法大師 想法不謀而合,0,M
e769fb50-c595-4853-9b5a-33bd2c0effb0,235075981,2020-12-29T15:22:11.348Z,2020-12-29T15:22:11.348Z,1,可能是病毒吧,1,F
45be2859-b641-48e1-a3d8-79bb0600fba2,235075981,2020-12-29T15:30:19.233Z,2020-12-29T15:30:19.233Z,2,搞不好是水痘,2,M
ca0ab47a-3321-465e-b5ad-74b3adfebc9c,235075981,2020-12-29T15:33:06.857Z,2020-12-29T15:33:06.857Z,3,帶口罩....,0,M
f2310af1-28a3-4df3-abff-5cd3d185f433,235075981,2020-12-29T15:38:27.476Z,2020-12-29T15:38:27.476Z,4,去看皮膚科ㄚ,0,M
4532d329-ed4d-45d6-9077-f2d3bb4fa646,235075981,2020-12-29T15:39:19.632Z,2020-12-29T15:39:19.632Z,5,推後山皮膚科,0,F
e3818653-b9ea-40c9-bf54-0ad5b6defd60,235075981,2020-12-29T16:07:58.785Z,2020-12-29T16:07:58.785Z,6,我也是,0,M
83daeec4-32e2-44dc-8ac0-ba8fd02f2da7,235075981,2020-12-29T16:20:17.512Z,2020-12-29T16:20:17.512Z,7,我也是QQ 推一後山的皮膚科 雖然人多但速度快,1,F
db696c7c-12b0-4fa7-80c9-0a095c878979,235075981,2020-12-29T16:33:59.047Z,2020-12-29T16:33:59.047Z,8,"身為皮膚科常客
後山皮膚科其實看痘痘成效普通ㄛ
但是醫生很帥 推推",2,F
abe21a1c-dc83-41f4-b89c-7823e792d428,235075981,2020-12-29T16:39:22.978Z,2020-12-29T16:39:41.290Z,9,"B8 是真的，
我也覺得普通，但附近也就這一家
女醫師也很美啦",0,M
b5c99b21-3e57-412d-917c-0913b62bf46b,235075981,2020-12-29T16:43:17.890Z,2020-12-29T16:43:17.890Z,10,B9 女醫生真的美,0,M
7ba1acbd-03a6-4145-af00-e0e585484f3a,235075981,2020-12-29T16:44:10.289Z,2020-12-29T16:44:10.289Z,11,你長痘痘我還是很愛你啦寶貝,1,M
d0189c27-f181-48a0-8f19-af4ab0f3eb71,235075981,2020-12-29T16:55:06.955Z,2020-12-29T16:55:06.955Z,12,欸我也是 都沒有消欸,0,M
9ce1d101-f450-45fc-9357-a6ca783e94ec,235075981,2020-12-29T17:33:18.030Z,2020-12-29T17:33:18.030Z,13,"B8 
王X仁很帥但態度差
不推😤",1,M
e4fdd21f-cc81-458b-80d8-b8449e80011d,235075981,2020-12-29T19:55:41.580Z,2020-12-29T19:55:41.580Z,14,"我也爆一堆密閉痘⋯
我覺得是戴口罩⋯

前天試人工皮發現效果不錯
我不客氣地貼一大片下去
不放過任何一顆ಠ_ಠ
貼大概一個晚上可以吸出蠻多東西
痘痘和閉鎖性粉刺都乾淨蠻多的",2,F
4a207eb2-18a0-4347-b803-780ff191a872,235075981,2020-12-30T03:00:47.422Z,2020-12-30T03:00:47.422Z,15,"B13 王醫師真的有種咄咄逼人的感覺😅
但人多的時候還是會給他看
畢竟只是回診拿藥而已",0,M
d3d652e0-e8d4-4cd3-9eba-4cb5257c940b,235075981,2020-12-30T04:30:31.657Z,2020-12-30T04:30:31.657Z,16,"推北護皮膚科
在西門那邊

先試著看醫生吃基本藥物跟擦藥膏
真的真的很困擾的話
最後一道防線才是吃口服A酸(1個月1000塊而且要吃一個療程大約一年到一年半，但七成機率會根治)",0,M
4bd67912-3798-4c7c-96e5-7537ada0b707,235075981,2020-12-30T04:43:36.566Z,2020-12-30T04:43:36.566Z,17,"感覺是水痘......
身體上也有的話就很大機率是水痘了
我之前得水痘剛開始也以為是青春痘
而且水痘是會傳染的 
如果是青春痘的話
剛好身邊朋友都長也太奇怪了",0,F
b0531c45-d78d-43dc-ac6d-be5c14590e2f,235075497,2020-12-29T14:45:57.454Z,2020-12-29T14:45:57.454Z,1,你是不是很久沒上學ㄌ,7,F
32e5389a-368a-4d0e-beaa-d644236b14c4,235075497,2020-12-29T14:47:53.149Z,2020-12-29T14:47:53.149Z,2,喔幹看到下面ㄉ文了,1,F
d0ebc91a-ef78-4ce2-9f46-5468d5c22f60,235075497,2020-12-29T14:57:59.713Z,2020-12-29T14:57:59.713Z,3,IE?,0,M
7a55d955-a662-4440-a4d9-2fd7e0d25f82,235075497,2020-12-29T15:01:12.625Z,2020-12-29T15:01:12.625Z,4,已圓寂RIP,1,M
c3933cb5-b72e-4535-89d9-9a169a21ae32,235075497,2020-12-29T15:16:48.828Z,2020-12-29T15:16:48.828Z,5,你那邊還來得及，叫學校關好資訊大樓的樓梯,10,M
3aae5bcd-bd82-4841-aadc-a8ac174bfc9c,235075497,2020-12-29T16:27:51.950Z,2020-12-29T16:27:51.950Z,6,給你拍拍，阿對了學校最近剛開始實施校門口和每棟樓的量體溫關制，要記得帶學生證^_^,2,F
e283e0b4-fd81-417b-8ef3-823b38dc5784,235075470,2020-12-29T14:11:18.242Z,2020-12-29T14:11:18.242Z,1,這種題目用不著elite,0,M
ae0d63f4-ea10-40d5-abc9-8c3ba0602b21,235075470,2020-12-29T14:12:46.814Z,2020-12-29T14:12:46.814Z,2,這很難嗎 你怎麼考上政大的啊,1,M
4ccae0b6-5d35-4b25-a7ce-ba54a2c1b967,235075470,2020-12-29T14:21:18.089Z,2020-12-29T14:21:18.089Z,3,"B2 政大是有多難考上？
這兩個沒有關係吧",8,M
26487079-b6b6-4673-809d-134f895894ee,235075470,2020-12-29T14:32:45.422Z,2020-12-29T14:32:45.422Z,4,二元一次,0,M
df0841a7-9756-4710-912c-3bb17e2bbe1e,235075470,2020-12-29T14:44:44.844Z,2020-12-29T14:55:00.410Z,5,"5000元
啊第二個解應該是-12000/2=-6000 寫太快
https://i.imgur.com/4udBRzr.jpg",2,M
2ac8eab1-1dcc-4101-8b62-de02fbe025df,235075470,2020-12-29T14:46:51.308Z,2020-12-29T14:46:51.308Z,6,"360/x=(360/x+1)+12
360(x+1)=360x+12x(x+1)
360=12x^2+12x
x^2+x-30=0
x=5or-6
5000#
應該醬！",0,F
7f08f1bc-6447-4979-92f6-12fc1c031bad,235075470,2020-12-29T14:50:50.033Z,2020-12-29T14:55:34.973Z,7,,,
483ea895-e3f0-48f6-bf16-a1837d6406a0,235075470,2020-12-29T14:53:07.797Z,2020-12-29T14:53:07.797Z,8,那你會變數轉換嗎,0,F
e0dc2def-9599-486d-beb3-466902314fcb,235075470,2020-12-29T14:56:10.307Z,2020-12-29T14:56:10.307Z,9,可能要用傅立葉轉換喔,3,M
03d9cc94-594a-442b-ad5a-e3c0ea6d60d0,235075470,2020-12-29T14:57:10.777Z,2020-12-29T14:58:50.494Z,10,"S儲蓄量 T時間
S*T= 
［(S+1000)（T-12）］
意思是兩邊的儲蓄金最後都會達到同個目標
1000T-12000-12s=0
ST=360000 
S=360000/T
然後代入因式分解",0,M
69741173-f687-49f9-b286-c5f37010c50e,235075470,2020-12-29T15:01:54.287Z,2020-12-29T15:01:54.287Z,11,"國中生想要戶頭60萬？這要做黑的才行吧
我勸你弟 這位年輕人
腳踏實地 好自為之",7,M
b67742da-6983-4dd8-b1fd-231f8f288b5c,235075470,2020-12-29T15:07:40.370Z,2020-12-29T15:07:40.370Z,12,"B5 
B6 
感謝你們 你們跟我原本寫的一樣
只是我單位沒有設好所以很難解出來",1,M
03e4eba0-41a2-4f10-bbc1-6f7e3168eedd,235075470,2020-12-30T08:24:31.893Z,2020-12-30T08:24:31.893Z,13,"B3 你的題目跟學測/指考要上政大相比
政大確實是蠻難的啊==",0,M
e951ff7e-76a9-4092-8aaf-e08fa360db62,235075470,2020-12-30T11:29:49.861Z,2020-12-30T11:29:49.861Z,14,"B12 我B10
啊我也認真回答不謝我ㄛ",0,M
2efefb25-5bec-4053-8029-66ce76f25199,235075458,2020-12-29T14:10:19.243Z,2020-12-29T14:10:19.243Z,1,謝謝拉票 已被圈粉 一定投他,14,M
dbee13b2-48c4-44b6-b970-c79890396312,235075458,2020-12-29T14:11:49.191Z,2020-12-29T15:53:33.384Z,2,,,
4352a697-dbe6-4841-8981-a4476fa94763,235075458,2020-12-29T14:30:00.706Z,2020-12-29T14:30:00.706Z,3,反同 一定推,68,M
df1a26b7-024a-4402-a279-778c35a2a925,235075458,2020-12-29T14:31:40.043Z,2020-12-29T14:31:50.125Z,4,"這種人誰要投他啊⋯⋯











在未來的聯誼中心玩ps4的我：哎呀真香啊～",5,M
b9c6f22e-e596-4802-92e4-d200a6be07a3,235075458,2020-12-29T14:48:34.772Z,2020-12-29T14:48:34.772Z,5,人家就想要反同的票啊 有何不可？,12,M
fee41697-e4be-4a5a-9f0f-7e7599584da8,235075458,2020-12-29T15:02:27.110Z,2020-12-29T15:02:27.110Z,6,政大同溫層好厚喔 講個反同一堆人就崩潰出征🥲,17,M
044603af-4864-4475-aa05-e68c51230d9a,235075458,2020-12-29T15:03:16.010Z,2020-12-29T15:03:16.010Z,7,甲甲退散,8,M
1155a1b5-6c23-4ab4-9fcd-3ee02ef05555,235075458,2020-12-29T15:03:51.575Z,2020-12-30T09:25:45.821Z,8,,,
5ae63d40-a329-495f-b774-844f8d3a4c06,235075458,2020-12-29T15:17:49.459Z,2020-12-29T15:17:49.459Z,9,一定挺😎😎 不畏世俗眼光,4,M
d847b019-dd46-421d-81c1-33b5ddbab23b,235075458,2020-12-29T15:24:59.110Z,2020-12-29T15:24:59.110Z,10,"雖然他也可以有自己的立場
但我覺得看起來就是在搞亂
都已經大學了還這麼幼稚嗎",83,F
58c55dfd-157a-471f-8860-3524c5d596e6,235075458,2020-12-29T15:34:06.860Z,2020-12-29T15:34:06.860Z,11,這我一定挺 勇敢說出大家不敢說的話 議會就是要這種人,3,M
e733ee0a-3494-4529-bb19-d1786158d5b2,235075458,2020-12-29T15:39:02.176Z,2020-12-29T15:39:02.176Z,12,"笑死，那時候同婚投票也一堆人嘴護家盟
結果勒 ㄏㄏ
大家真名出來都很挺同啦
啊匿名投票 嘻嘻",1,M
eb2c563b-6d60-49f3-b5f6-2881c25eec89,235075458,2020-12-29T15:42:44.139Z,2020-12-29T15:42:44.139Z,13,看到大家都有看政見我就放心ㄌ,4,M
4eb3642c-5662-4655-b646-c3d81692ee54,235075458,2020-12-29T16:04:03.450Z,2020-12-29T16:04:03.450Z,14,"先承認你就是甲甲吧
明明就是看到反同才牙起來
少在那邊裝清高好嗎
如果他沒有反同你根本不在意他的政見",16,M
e5756174-cfe3-4e69-b9e5-d19d15c91393,235075458,2020-12-29T16:23:21.185Z,2020-12-29T16:23:21.185Z,15,這政見看起來就是學店猴,29,M
0dcf6b34-9953-4be4-976d-2b88f3c70236,235075458,2020-12-29T16:30:05.759Z,2020-12-29T16:30:05.759Z,16,"想學雄中的學生議會政見吧 但滿沒梗的就是了
雄中的真的每屆都超好笑XD",7,F
aae795ce-7d50-4e49-82ce-18378d54b7fb,235075458,2020-12-29T16:30:41.688Z,2020-12-29T16:30:41.688Z,17,"看來大家都沒看過雄中學生議員選舉的政見ㄏㄏ
這就是典型文化差距吧",1,M
2365de39-52c6-43e9-bd0b-5b75ccc9c515,235075458,2020-12-29T16:38:40.944Z,2020-12-29T16:38:40.944Z,18,你是不是就是那種愛跟別人吵一些無聊事情的人啊,2,M
35f6e58e-8f91-4b6c-9e20-d619df17e9de,235075458,2020-12-29T16:50:40.234Z,2020-12-29T16:50:40.234Z,19,大二松山的也很讓人無言,1,F
5a0405c7-38c4-43af-9578-4dfa76cfbae4,235075458,2020-12-29T16:58:30.495Z,2020-12-29T16:58:30.495Z,20,傻眼,0,F
ad3a87c2-4058-40eb-aa88-cb030fd0ed57,235075458,2020-12-29T16:58:44.960Z,2020-12-29T16:58:44.960Z,21,笑死 當然投啊 甲甲88,3,M
84fd3310-b7d9-4c4e-b0ef-527ba190eac8,235075458,2020-12-29T17:06:40.488Z,2020-12-29T17:06:40.488Z,22,啊你出來選把他幹掉啊,0,M
ae6f662f-1b1e-4eb2-8141-a8a983ce655a,235075458,2020-12-29T17:15:37.895Z,2020-12-29T17:15:37.895Z,23,投爆啊幹,1,M
581299aa-a708-4e1b-9e1c-8add54ce9bb5,235075458,2020-12-29T17:16:42.568Z,2020-12-29T17:16:42.568Z,24,"B14 
先承認你就是猴子吧
明明就是看到反同才牙起來
少在那邊裝清高好嗎
如果他沒有反同你根本不在意我的評論",6,M
2547b654-ee17-49dc-81b8-1365e668a9f5,235075458,2020-12-29T17:25:21.701Z,2020-12-29T17:25:21.701Z,25,B24 小心被藍頭猴子嗆自助餐,3,M
97843d30-ab42-4638-8792-87fda0a1dc7c,235075458,2020-12-29T17:36:04.272Z,2020-12-29T17:39:43.057Z,26,"雖然不是商院學生無法投
但國務院聲援你💪
甲甲滾出校園😁",1,M
c2bd99c3-6a83-45a8-8474-f968071dfeb7,235075458,2020-12-29T17:51:57.267Z,2020-12-29T17:51:57.267Z,27,一定挺 弱勢要有弱勢的樣子,1,M
79f1b2a0-b528-471e-9150-7d80aa8c6753,235075458,2020-12-29T18:18:34.773Z,2020-12-29T18:18:34.773Z,28,商學院你敢嘴？我社科仔就不敢嘴了啦,0,M
8b89cf51-e47c-4a6a-b757-dc6631bd6c82,235075458,2020-12-29T18:36:21.035Z,2020-12-29T18:36:21.035Z,29,可是選舉公報有其他亂寫政見經歷的人卻沒有你,2,M
1ddd9f95-b51d-4a3b-ada9-99c0d6384ee2,235075458,2020-12-29T18:36:53.835Z,2020-12-29T18:36:53.835Z,30,"B24 
如果他沒反同你根本不會在意好嗎笑死
他的政見很鳥那又怎樣？每年都馬有這種的，怎麼今年才出來靠北？啊不就反同戳到你的g點？
蜂蜜檸檬出來選台北市長你有靠北嗎？不喜歡就不要投啊，管那麼多是住海邊膩
B3的讚數都要超越你了，還以為全世界都圍著你們甲甲轉喔，反對就要公審，難怪越來越多人討厭，回去躲在被子裡哭吧崩潰甲甲",18,M
a3848013-be5c-4bf6-99d8-68c9808906e6,235075458,2020-12-30T01:26:19.701Z,2020-12-30T01:26:19.701Z,31,就企管🐒啊,2,M
d3397b70-13a0-46fc-8294-d2fd7e871e87,235075458,2020-12-30T02:47:46.337Z,2020-12-30T02:47:46.337Z,32,反同 先下去,0,M
23d41e9f-befb-4b4a-80f3-971e5a9f8f33,235075458,2020-12-30T03:44:03.835Z,2020-12-30T03:44:03.835Z,33,"B32 
你才該下去",3,M
bb5a9a33-057c-43ae-a3ee-fac94d0f407f,235075458,2020-12-30T03:46:48.666Z,2020-12-30T03:46:48.666Z,34,B33 我們在提高你們追到女朋友的幾率耶，哭哦,0,M
daa0bbf7-0597-4eed-8225-956c85db061a,235075458,2020-12-30T04:20:25.484Z,2020-12-30T04:20:25.484Z,35,反同？那就穩啦！先投再說～,2,M
ec5e0759-d8dc-4a2b-937b-af76ef27e242,235075458,2020-12-30T04:55:00.567Z,2020-12-30T04:55:00.567Z,36,看到反同我就投,3,M
9d811f70-65ea-431e-9a68-9a94b30dae33,235075458,2020-12-30T05:13:15.167Z,2020-12-30T05:13:15.167Z,37,你敢挺 我敢反 怎麼了嗎？,3,M
dd959123-b038-421c-b741-164ff2355c23,235075458,2020-12-30T05:13:33.483Z,2020-12-30T05:13:33.483Z,38,辣個，根據研究統計顯示，恐同跟反同的人在看同性片片的時候更容易起立哦╮(╯▽╰)╭,0,F
b379ca75-b255-4e53-8f1e-5c0ad8eac50c,235075458,2020-12-30T05:15:21.002Z,2020-12-30T05:15:21.002Z,39,選舉總要有小丑 不然怎麼好看,2,M
8ce09e3e-b2d8-49ee-a0bc-adec840a7d7f,235075458,2020-12-30T05:27:53.259Z,2020-12-30T05:27:53.259Z,40,笑死，以為自己在霸社選管,1,M
baa9e08a-e2b2-4d60-90a5-13f0383423cb,235075458,2020-12-30T05:28:02.819Z,2020-12-30T05:28:02.819Z,41,B38 英國研究嗎Σ(-᷅_-᷄๑),0,M
416ba64b-fafb-4ac2-8d34-3be32e80dfbf,235075458,2020-12-30T05:30:29.954Z,2020-12-30T05:30:43.993Z,42,"B41 美國羅徹斯特大學心理學教授理查萊恩的研究
不是英國研究哦╮(╯▽╰)╭",0,F
13224f8a-f0fe-42be-a194-19aa4cc2711d,235075458,2020-12-30T05:36:27.854Z,2020-12-30T05:39:23.263Z,43,B42 我是圈內人但我看屍體跟幼兒也會硬欸哈哈哈😂😂😂 很有趣吧🤣🤣🤣,2,M
ebbc5484-0b30-4d8d-9e58-21c2810e26d4,235075458,2020-12-30T05:37:07.236Z,2020-12-30T05:37:07.236Z,44,"B38 
https://i.imgur.com/hLWt7DS.jpg",2,M
6921becf-2ff4-4ee6-83ac-6f535d08e23f,235075458,2020-12-30T05:40:48.787Z,2020-12-30T05:40:48.787Z,45,"B44 是濫交的男男同性戀，男男同性戀不等於濫交。邏輯問題。
濫交的男女也會導致愛滋病好嗎？",2,F
8e97d39e-472e-4362-902a-66418105b587,235075458,2020-12-30T05:46:38.854Z,2020-12-30T05:46:38.854Z,46,"B45 濫交的男男同性戀比例比男女高多了
甚至有同志三溫暖這種病毒溫床 
護航不要太難看",0,M
c44d7fa3-6f18-414f-9f32-3909b38d0850,235075458,2020-12-30T05:47:08.323Z,2020-12-30T05:47:08.323Z,47,B45 跟副總統說啊 跟我說幹嘛,0,M
63fdde8b-0c30-4c15-8e9b-db4d75cf595f,235075458,2020-12-30T05:49:57.807Z,2020-12-30T05:49:57.807Z,48,"B46 那是他們有病病，我護的是潔身自愛，勇敢坦白自己性向的同性戀。
他們本身沒問題👌，就喜歡自己的同性啊",1,F
25fe5d69-b94c-4351-b637-3073681db9ba,235075458,2020-12-30T05:53:03.436Z,2020-12-30T05:53:30.619Z,49,"B47 我覺得他是在陳述現象，不是在攻擊同性戀這個族群
民進黨拿了那麼多同性戀的票，然後自己出來自打嘴巴?",0,F
93759943-929f-4119-87c7-c0f515c1ac6c,235075458,2020-12-30T05:54:04.406Z,2020-12-30T05:54:04.406Z,50,"B45 
台女還想幫甲甲護航啊？",1,M
b3741f12-9558-4b90-af99-9670faaea509,235075458,2020-12-30T05:56:15.521Z,2020-12-30T05:56:15.521Z,51,"B50 哦哦哦，出現了出現了，攻擊性字眼。
你吵架好難看",0,F
b162ed08-7fd3-4072-ad27-c23cd2a55cbe,235075458,2020-12-30T06:01:37.154Z,2020-12-30T06:01:37.154Z,52,"B51 
攻擊的點在哪
還是你是外籍生啊？☺️
如果不是就閉嘴 台女😉",1,M
802a9b46-bf70-4ede-98d2-e73c80b165cf,235075458,2020-12-30T06:05:33.431Z,2020-12-30T06:07:28.454Z,53,"B52 基本上，我覺得是言語霸凌，你的稱呼讓我覺得不被尊重。

台女的意思是 : 有不良人格特質的台灣女性，我只是台灣女性，並沒有不良人格特質。
如果你認為有，歡迎提出糾正。但有鑑於你並不認識我，所以建議你閉嘴",2,F
664cfa08-8d1b-4823-b8e5-28595d375a18,235075458,2020-12-30T06:12:58.732Z,2020-12-30T06:13:33.669Z,54,"B53 
你要這麼解釋這個詞彙我是不反對啦
畢竟我女友也非台籍
不過為了不模糊焦點全力打擊甲甲
就不跟你爭辯這個☺️",0,M
859535b6-5ace-4171-9798-3f8a592b494f,235075458,2020-12-30T06:25:48.246Z,2020-12-30T06:25:48.246Z,55,https://i.imgur.com/4Os1XWM.jpg,1,M
24f91d53-a3cd-459d-b1a0-d88abffc29a2,235075458,2020-12-30T07:00:20.454Z,2020-12-30T07:00:50.965Z,56,剛看到候選人的臉書頭貼 是真的反同嗎,2,M
fa793748-50c7-4784-9e4b-36edb5e6dd5f,235075458,2020-12-30T07:24:50.975Z,2020-12-30T07:24:50.975Z,57,松山🐒🐒🐒🐒🐒,1,F
528bd724-0ee6-4633-89d1-8a09f54a8a1f,235075458,2020-12-30T08:52:55.757Z,2020-12-30T08:52:55.757Z,58,"方便問一下激動的大家為什麼反同嗎？
亞當夏娃那一派就不用回了，畢竟宗教信仰不同。尊重你們。",2,F
05443f32-627a-4384-bec7-d86817776e19,235075458,2020-12-30T11:25:10.986Z,2020-12-30T11:25:10.986Z,59,"歷史經驗證明：深櫃＝反同、恐同

勇敢地站出來吧！",0,M
516d23e0-33e6-4deb-973c-00c3b23e85ed,235075458,2020-12-30T11:31:56.884Z,2020-12-30T11:31:56.884Z,60,"B56
反同不可恥
假反同真騙票才噁心",0,M
245bf2ef-c9f8-4c3f-a00d-75d75b30e612,235075458,2020-12-30T11:34:37.229Z,2020-12-30T11:34:37.229Z,61,是在cry,0,M
76f9cf44-e1e9-47ea-be64-9ea89472f1a7,235075337,2020-12-29T14:04:19.941Z,2020-12-29T14:04:19.941Z,1,店員夾肉+3配菜55元(晚餐)，要比這樣便宜大概就是不夾主菜?,3,M
e298447d-9332-4de2-98c9-d584821854cf,235075337,2020-12-29T14:45:03.974Z,2020-12-29T14:45:03.974Z,2,如果要划算的話，就點55元便當就好。但如果你當天剛好食量比較小，然後不想吃肉的話，自己夾還是會比較便宜,2,F
fc842673-0319-4148-bc61-1821bb9de29b,235075337,2020-12-29T14:54:14.627Z,2020-12-29T14:54:14.627Z,3,B2 謝謝妳~~主要是怕人工計價的部分跟菁英一樣沒有什麼標準😢😢,0,F
d3825b4c-cd0f-4dbf-8458-58367f4791e8,235075337,2020-12-29T18:15:53.344Z,2020-12-29T18:15:53.344Z,4,我通常夾滿滿一盒菜加上一點主菜大概75~85左右,1,F
49900a4a-2c88-4a52-a897-9237815816e5,235075337,2020-12-29T23:03:10.772Z,2020-12-29T23:03:10.772Z,5,B4 了解~~謝謝你！😊,0,F
eb1b5793-ce2f-41b5-ba64-a935e7251a93,235075246,2020-12-29T13:36:06.453Z,2020-12-29T13:36:06.453Z,1,想給你看不行嗎,121,F
01c2b647-0d3c-4bec-8e7f-97558abff752,235075246,2020-12-29T13:36:19.636Z,2020-12-29T13:36:19.636Z,2,豪～der 謝謝小哥哥❤️嗯哼~哼哼哼哼~,3,M
8ce45192-646d-4d59-b490-7db3066a5c24,235075246,2020-12-29T13:45:29.613Z,2020-12-29T13:45:39.051Z,3,給我看就好😏😏😈😈B1,0,M
c160664e-6c4c-4c3c-b5f7-b32478d13668,235075246,2020-12-29T13:48:42.394Z,2020-12-29T13:48:42.394Z,4,粉紅奶頭可以進去ㄇ...,57,M
1ef67466-d209-48ce-995f-08ec0999bfd9,235075246,2020-12-29T13:50:39.708Z,2020-12-29T13:50:39.708Z,5,"好想要他趕快進來
每次都是我先去

我是說上課啦",11,F
e078608b-cbae-4ae7-95b7-375460d90176,235075246,2020-12-29T14:02:03.318Z,2020-12-29T14:02:03.318Z,6,暈,44,F
910d56dd-3299-4967-8b05-c445f8a70f44,235075246,2020-12-29T14:21:10.010Z,2020-12-29T14:21:10.010Z,7,暈爆⋯,5,F
303a1e3c-7ee0-4828-84e3-e033daecb0d3,235075246,2020-12-29T14:28:28.128Z,2020-12-29T14:28:28.128Z,8,可以娶我嗎😍,6,F
3e47ba61-7cd6-4511-9371-0a4149853e9e,235075246,2020-12-29T15:38:54.659Z,2020-12-29T15:38:54.659Z,9,想穿你的外套,6,F
fa291702-f469-449d-8385-5912f55a68f3,235075246,2020-12-29T15:39:18.542Z,2020-12-29T15:39:35.955Z,10,"粉紅腳趾頭來了
哥哥可以來溫暖我嗎",5,F
294ce5f1-1b78-4c6f-9e24-02465bc982d9,235075246,2020-12-29T15:41:01.789Z,2020-12-29T15:41:01.789Z,11,暖男 暈了,4,F
068ebb0a-396d-481f-b5a5-331a388c2cbf,235075246,2020-12-29T15:56:44.417Z,2020-12-29T15:56:44.417Z,12,🈹️...我暈了...,7,F
61a3649d-3d3b-40a1-9710-3d6292214598,235075246,2020-12-29T17:06:16.987Z,2020-12-29T17:06:16.987Z,13,我下面是粉頭算嗎,5,M
ce2a40f7-bd0d-4ab4-b415-f9c2b8b8fa18,235075246,2020-12-29T17:11:57.824Z,2020-12-29T17:11:57.824Z,14,"通報 📢
好像有人對這篇文章有新想法唷，快來去看看！
  https://www.dcard.tw/f/nccu/p/235076860",0,D
904757f8-9ad8-43bd-a33e-a81685421cd9,235075246,2020-12-29T17:19:52.066Z,2020-12-29T17:19:52.066Z,15,https://i.imgur.com/lk58NRd.jpg,18,F
14d7c044-3a28-4537-b072-83eeef119539,235075246,2020-12-30T01:49:08.303Z,2020-12-30T01:49:08.303Z,16,哈哈 笑死，女權仔來看看Mansplaining是誰的最愛B15,1,M
87fc4746-b0b3-4a70-bac5-6d3dbd3c82e3,235075246,2020-12-30T02:04:56.124Z,2020-12-30T02:04:56.124Z,17,"通報 📢
好像有人對這篇文章有新想法唷，快來去看看！
  https://www.dcard.tw/f/nccu/p/235078157",0,D
3070e635-d6e2-4359-a791-5a33bf706d7f,235075246,2020-12-30T11:26:16.816Z,2020-12-30T11:26:16.816Z,18,洨妹我也有米分糸工女乃豆頁,0,M
b14d6d1e-df3c-43be-8bbb-247e0c08856e,235074780,2020-12-29T12:15:56.370Z,2020-12-29T12:15:56.370Z,1,卡,0,M
a6610c07-25ce-4a77-8a5a-478d5d03b6a3,235074780,2020-12-29T12:33:30.159Z,2020-12-29T12:33:30.159Z,2,沒有,0,F
6c8a364c-4d25-416c-a300-f8f5c88d5b18,235074780,2020-12-29T12:38:44.125Z,2020-12-29T12:38:44.125Z,3,老師明明上課說過對於期末考有問題的舉手^^,7,F
d5e7c6ba-9d1d-4b8e-8579-0ff43a45e5aa,235074780,2020-12-29T14:09:28.673Z,2020-12-29T15:28:46.466Z,4,可以在課程心得裡問老師,0,F
b04c3164-128f-49fc-9c0e-ac6871891c2b,235074780,2020-12-29T15:32:46.994Z,2020-12-29T15:32:46.994Z,5,不會直接出題，但觀念多少會帶到,0,F
6e713fe1-db28-4039-8fe7-3abfb2759de5,235074780,2020-12-29T15:54:37.170Z,2020-12-29T15:54:37.170Z,6,不會。去讀課本的中文版，然後整理一下名詞解釋。,1,F
8b871bc9-43a7-42a1-a2a5-76e1f78a1202,235074780,2020-12-29T19:03:19.208Z,2020-12-29T19:03:19.208Z,7,把課本名詞解釋看一看，剩下就看你平常上課聽了多少,0,M
ca915034-ab0a-4823-b7d6-86f5776acd98,235074726,2020-12-29T12:28:21.509Z,2020-12-29T12:29:09.250Z,1,"跳鄭多燕不就是靠北自己太粗嗎
閲文已暈",5,M
092b5494-246b-4414-ae6c-f2577d4d8ac0,235074726,2020-12-29T12:28:27.349Z,2020-12-29T12:28:27.349Z,2,好兇喔,0,M
f54930a8-59e6-478a-8cda-9ce1bfa00797,235074726,2020-12-29T12:42:57.926Z,2020-12-29T12:42:57.926Z,3,"B1 有道理喔
那看來他還不能學鄭多燕
畢竟是隻🦧🦧",0,M
c3e8ee40-5fb7-42d8-8da2-48549ccc1658,235074726,2020-12-29T13:55:40.702Z,2020-12-29T13:55:40.702Z,4,哪一個阿,0,M
186d5fc1-0b0d-447b-bdb8-be77555d17ea,235074726,2020-12-29T13:57:52.390Z,2020-12-29T13:57:52.390Z,5,不是因為是垃圾身材所以才要到健身房嗎,1,M
ce6ef5c9-1e49-49cf-b89e-37d66156434e,235074726,2020-12-29T14:29:42.464Z,2020-12-29T14:29:42.464Z,6,"B4 你看到一臉跩樣的死屁孩就是
不知道是系隊猴還是哪裡來的野狗
反正很弱",0,M
16c5fe25-edae-4a28-a1f1-28fbb3852a4d,235074726,2020-12-29T14:49:07.580Z,2020-12-29T14:49:07.580Z,7,"嘴別人身材.....
人品歸人品 你罵他人就好 畢竟智障欠罵天經地義 
阿你是出生就很壯膩 還不是都從沒有練到有的
大家會去健身房不就是想讓自己更好嗎= =",17,M
3efea960-4740-46c6-a98a-3d8f6e571783,235074726,2020-12-29T14:55:11.655Z,2020-12-29T14:55:11.655Z,8,"B7 好哦
我改一下內文
氣到失智了噗噗",0,M
fc2fa0c4-d3b0-452e-a1ed-7b4f1fa54955,235074726,2020-12-29T15:03:01.012Z,2020-12-29T15:03:01.012Z,9,哈哈是我啦,1,M
4635d40c-dbd1-4a3d-b6ca-3d6d42f0985a,235074726,2020-12-29T15:13:12.096Z,2020-12-29T15:13:12.096Z,10,B8 笑死 看得出來你很氣哈哈哈,0,M
a523bc05-09b2-49cd-aa6c-96b2634394ac,235074601,2020-12-29T11:47:23.014Z,2020-12-29T11:47:23.014Z,1,下一篇：蝴蝶漾,8,M
1e2a88d6-02ea-4fb2-be0a-17093c8256f7,235074601,2020-12-29T12:06:49.914Z,2020-12-29T12:06:49.914Z,2,再來：蕃茄紅,6,M
25c26f20-40d3-4498-8121-a5fb59e7fd52,235074601,2020-12-29T12:22:26.414Z,2020-12-29T12:22:26.414Z,3,下一篇：我家牛排= =,5,M
b8187216-868b-4287-9034-261b03c391fc,235074601,2020-12-29T12:24:13.967Z,2020-12-29T12:24:13.967Z,4,去年我碩班剛入學就倒了。招牌現在還在...真的超好吃,1,M
d90b1187-ea85-45c2-8f61-6a0235dc4951,235074601,2020-12-29T12:35:07.041Z,2020-12-29T12:35:07.041Z,5,"B1 B2 B3 B4 

https://i.imgur.com/LcVzbXH.jpg",1,M
9c7ee5ec-e92f-45af-98be-70f74fea5ce5,235074601,2020-12-29T12:35:42.244Z,2020-12-29T12:35:42.244Z,6,要不要補個tita,0,M
1303d463-4730-4964-9433-1ddeba55a942,235074601,2020-12-29T13:02:30.908Z,2020-12-29T13:02:30.908Z,7,享窩的部分大家有跟到嗎⋯⋯我錯愕,1,F
3dfdb315-6427-4c7b-999d-268c1ab8fed3,235074601,2020-12-29T14:17:37.934Z,2020-12-29T14:17:37.934Z,8,雖然知道是反串 但真的超想念京城😭😭,5,F
d214abd1-323f-429f-a474-50251162263f,235074601,2020-12-29T14:25:49.914Z,2020-12-29T14:25:49.914Z,9,貨車大概可以替代京城60%,0,M
04b3ed0e-ea0a-4324-89ae-5cde536a5ce2,235074601,2020-12-29T14:56:55.046Z,2020-12-29T14:56:55.046Z,10,京城味精加好加滿耶 我吃完會很疲憊,0,F
6079ad1c-bc27-4d1c-85b7-4dbee0cca493,235074601,2020-12-29T14:59:03.012Z,2020-12-29T14:59:03.012Z,11,B9 貨車是萬壽橋頭晚上開的那家嗎哈哈哈好吃好吃,2,F
76229482-ec46-4057-96b1-12c241e49d34,235074601,2020-12-30T08:26:07.239Z,2020-12-30T08:26:07.239Z,12,B10 味精根本沒有那種神奇功效好嗎,0,M
d1dc90c2-a090-4029-b964-6959613c2126,235074514,2020-12-29T11:36:14.820Z,2020-12-29T11:36:14.820Z,1,可以檢舉了,0,M
9ac7ecb8-f63b-4e7a-bb38-5be732d0e71c,235074514,2020-12-29T11:39:40.893Z,2020-12-29T11:39:40.893Z,2,我不是住自九欸😂只是要去安九買飯路過而已，不是住自九也可以檢舉？B1,0,F
b0eadbd1-3083-4840-8bf9-604d4aae0f07,235074514,2020-12-29T12:34:07.033Z,2020-12-29T12:34:07.033Z,3,B2 那你自己有登記嗎,0,M
2d86e6c6-1677-408e-8fdc-bd34294b2a7e,235074514,2020-12-29T12:43:46.777Z,2020-12-29T12:43:46.777Z,4,可以吧,2,M
79fbc729-2df4-4fd1-bd1f-8ac9f1ff7c55,235074514,2020-12-29T12:48:17.922Z,2020-12-29T12:48:17.922Z,5,一樓應該沒什麼差吧,5,F
3faa7244-0b6a-43c4-befa-68171d43e6c3,235074514,2020-12-29T12:48:51.403Z,2020-12-29T12:49:06.391Z,6,可能是男生宿舍冰箱太可怕🤣要借冰女宿的,5,F
26ed8759-cddd-4bca-b052-4feab6aa2554,235074514,2020-12-29T12:49:15.209Z,2020-12-29T12:49:15.209Z,7,很多男生都會請女生幫忙冰東西在自九？就會在一樓出出入入的,5,F
03f2bc9e-df77-4646-98ba-1546a1aa74c9,235074514,2020-12-29T15:48:21.104Z,2020-12-29T15:48:21.104Z,8,我在宿舍很常把一些短髮女生認成男的欸,0,F
ce91ad89-5768-4d9a-80d7-fbfb0545c6dc,235074514,2020-12-29T16:00:12.978Z,2020-12-29T16:00:12.978Z,9,請先確定他的心理性別好ㄇ？,0,M
565e7db4-aed0-4703-997a-48cc73e5490a,235074499,2020-12-29T12:34:20.792Z,2020-12-29T12:34:20.792Z,1,倒超久了餒,1,F
ff487802-f368-4746-b6d7-f1bd24b7a9b3,235074343,2020-12-29T11:08:22.449Z,2020-12-29T11:08:22.449Z,1,12/30 24:00...,0,M
a485d599-ebee-4b83-b585-8cba48e59172,235074343,2020-12-29T14:49:43.155Z,2020-12-29T14:49:43.155Z,2,好讚！,1,F
63ff2c0c-7a2f-4e1f-97a6-1cf57030498c,235074343,2020-12-29T14:59:19.583Z,2020-12-29T14:59:19.583Z,3,謝謝原po分享資訊~,1,F
1f0a0fd8-ecd3-4c98-a70a-6f457f7c6254,235074343,2020-12-29T16:25:36.847Z,2020-12-29T16:25:36.847Z,4,太晚看到了QQ,0,F
ee5e42e3-c57b-4632-a965-74feb4cd19fd,235074343,2020-12-29T16:35:57.133Z,2020-12-29T16:35:57.133Z,5,B1 B4 還沒結束哦～是到12/30的晚上啦😂,0,F
006bc54e-6b10-4bba-ab04-b28db0b3bd24,235074107,2020-12-29T11:30:02.887Z,2020-12-29T11:30:02.887Z,1,"可以補考啊⋯⋯
而且下禮拜還有倫巴",0,M
e8d54d06-3631-47be-b224-774df05e797c,235074107,2020-12-29T12:41:41.669Z,2020-12-29T12:41:41.669Z,2,沒事啦最後一次他會給很高,2,F
214b2d2d-cc17-4e8e-8c32-b929561ff936,235074107,2020-12-29T13:52:26.480Z,2020-12-29T13:52:26.480Z,3,好怕補考也不會過⋯🙃🙃,0,F
cc543016-20ce-496d-84cd-85bcf16b8597,235074107,2020-12-29T13:54:01.367Z,2020-12-29T13:54:01.367Z,4,B2 問一下老師給分怎麼樣,0,M
aafe5a35-3319-41da-a1f8-577b1e4895c2,235074107,2020-12-29T13:56:19.424Z,2020-12-29T13:56:19.424Z,5,B4上學期老師考試也都給很低 印象中我有一個70 然後最後一個考的跳沒很好成績卻異常的高（全班最後一次都特高）啊總成績我89,0,F
d843fa78-84eb-4748-90e8-ea1ac138a9c5,235074107,2020-12-29T14:51:04.379Z,2020-12-29T14:51:04.379Z,6,我最後也是總分89,0,F
48ce1d52-ad0c-45be-a345-8fa744567ca0,235074107,2020-12-29T18:16:24.884Z,2020-12-29T18:16:24.884Z,7,我室友也快被當了,0,M
483b14bb-44ef-41ad-bc01-6c95a29bb480,235074064,2020-12-29T10:20:52.250Z,2020-12-29T10:20:52.250Z,1,你那邊還來得及,6,M
46fc2019-37ad-4e47-b429-b68f873b2d72,235074064,2020-12-29T11:26:45.617Z,2020-12-29T11:26:45.617Z,2,滾,0,M
10b44266-5c77-4fd1-b2c1-acced1b4085f,235073936,2020-12-29T09:50:48.432Z,2020-12-29T09:50:48.432Z,1,是要po幾篇 下去吧無聊怪,4,M
0ae52089-6941-4932-a3c8-05afefce1cad,235073936,2020-12-29T09:52:33.986Z,2020-12-29T09:52:33.986Z,2,B1 嘿我又上來了,0,M
4272d617-3ffa-4657-bfb8-864260938ee3,235073936,2020-12-29T09:53:50.742Z,2020-12-29T09:53:50.742Z,3,反串吧 一天內最好倒那麼多 但要是真的倒就好了,2,M
68a53b48-c731-433e-a692-f32c70ccbf3c,235073936,2020-12-29T10:02:59.064Z,2020-12-29T10:02:59.064Z,4,幹看到高興了一下😠,18,F
ce383e02-3a7c-498c-a72c-fa1141be3bd2,235073936,2020-12-29T11:16:25.211Z,2020-12-29T11:16:25.211Z,5,系列文 滾,0,M
3a362d1a-274e-43fb-ac1a-1ab7cff1d4ad,235073785,2020-12-29T09:35:16.215Z,2020-12-29T09:35:16.215Z,1,不會哦,0,M
9eb115ac-ac26-40c8-92a6-4698e85de331,235073785,2020-12-29T11:15:45.429Z,2020-12-29T11:15:45.429Z,2,借問劉惠美會調分嗎😢,0,F
b62fc280-28fd-47eb-9f01-e8be7d848764,235073785,2020-12-29T12:11:07.531Z,2020-12-29T12:11:07.531Z,3,我很久以前修他的計量有調,0,F
1caec331-905b-4dac-887d-9a8e0a6555de,235073785,2020-12-29T14:30:01.218Z,2020-12-29T14:30:01.218Z,4,B2 惠美說周三班會救人,0,F
7a1b35cb-a7fb-4f24-bc8e-8855a49994ab,235073785,2020-12-29T16:58:06.946Z,2020-12-29T16:58:06.946Z,5,B4 嗚嗚感謝你 但我是周五班😢,0,F
2f7bbab1-29e5-419e-bced-e83130b799c7,235073705,2020-12-29T13:12:23.374Z,2020-12-29T13:12:23.374Z,1,不要怒了😢😢😢,0,M
8d823e33-6e07-4bdb-a3cb-a109d429834d,235073705,2020-12-29T13:29:59.461Z,2020-12-29T13:29:59.461Z,2,全考,0,M
54cd0b4b-0aa7-4746-9d49-2abbab67788d,235073604,2020-12-29T08:54:28.072Z,2020-12-29T08:54:28.072Z,1,"最後的嘻嘻讓人火大
祝你失敗",39,M
69ec75d7-0e30-40bb-a7d2-cf220c7e6ddb,235073604,2020-12-29T08:56:30.665Z,2020-12-29T08:56:30.665Z,2,心動時分日記本ㄇ,4,M
364c900f-ccd9-4b0e-8a6a-79148cedbc15,235073604,2020-12-29T09:09:55.122Z,2020-12-29T09:09:55.122Z,3,先存檔吧,3,M
5881612d-b628-46cd-a00f-62677c7f1bbc,235073604,2020-12-29T09:17:05.824Z,2020-12-29T09:17:05.824Z,4,你是不是剛睡醒 嘻嘻,2,M
16e128f2-52db-4931-bca2-86f0f2a2906a,235073604,2020-12-29T12:23:41.516Z,2020-12-29T12:23:41.516Z,5,廢文 別幻想了,0,M
3839a7bb-f39a-4887-855d-4e1482a02909,235073604,2020-12-29T13:03:27.468Z,2020-12-29T13:03:27.468Z,6,先起床,1,M
dd3de196-276b-4209-af41-d30768cd2797,235073604,2020-12-30T05:54:34.902Z,2020-12-30T05:54:34.902Z,7,嘻嘻,0,M
e4ec711b-6a6c-47ad-af19-ed51eaed22a9,235073416,2020-12-29T08:24:31.345Z,2020-12-29T08:24:31.345Z,1,要幾篇…,0,F
6bfe31e6-814b-425a-a395-fcdd26554f60,235073416,2020-12-29T09:18:53.051Z,2020-12-29T09:18:53.051Z,2,所以晚餐一起吃大正亭嗎,0,M
76cc6c90-080b-4832-be6c-73dcc20ccdb9,235073416,2020-12-29T15:04:39.019Z,2020-12-29T15:04:39.019Z,3,大正亭.. 老人臭都飄出來了嘔嘔嘔嘔嘔,0,M
e74398bc-44ee-4a8e-8aaf-49011ea1eb6c,235073416,2020-12-29T23:37:18.428Z,2020-12-29T23:37:18.428Z,4,大正亭真滴香,0,M
0a90685c-9e1a-4cc8-ac5d-472b5d85d51f,235073363,2020-12-29T08:18:24.096Z,2020-12-29T08:18:24.096Z,1,同問！政仁其實滿讚但考試真的太多了⋯⋯,0,F
0b2c2728-0dcb-481e-8121-13a8efea2f7b,235073363,2020-12-29T08:47:06.277Z,2020-12-29T08:47:06.277Z,2,俞京和老師是韓國來的老師，中文只能基本對話，基本上都用英文溝通，中會專業科目用英文上只會更痛苦而已,1,M
6fff7754-591d-4e4d-9a50-7905cf485735,235073363,2020-12-29T09:51:50.009Z,2020-12-29T09:51:50.009Z,3,"如果只想爽過那可以來修
但真的學不到什麼東西 她教太淺了
之前修過 都自己讀...",1,F
b2040d53-435c-47e3-82a6-b84a255e98d4,235073363,2020-12-29T10:02:02.919Z,2020-12-29T10:02:02.919Z,4,推明進,3,M
89b4d232-b89a-4352-9575-14345656d9a1,235073363,2020-12-29T12:01:31.183Z,2020-12-29T12:01:31.183Z,5,B2 不是英文的內容比較簡單嗎？,0,M
0e2a2e16-2184-49d8-9402-f2a7dae8e589,235073363,2020-12-29T12:20:20.412Z,2020-12-29T12:20:20.412Z,6,你可以問95.67,0,M
f855815e-a921-4143-a916-67ac040926e3,235073363,2020-12-29T12:23:44.351Z,2020-12-29T12:23:44.351Z,7,有請95.67貿貿姐,1,M
fab7d464-f705-46e7-a781-712e1e96a155,235073363,2020-12-29T15:25:00.830Z,2020-12-29T15:25:00.830Z,8,B5 Kieso的中會課本簡單很多 而且部分的內容都沒有照國際會計準則寫,0,M
b61f3529-5a5f-4efe-908a-86c409e2d2bb,235073363,2020-12-29T15:30:17.199Z,2020-12-29T15:30:29.853Z,9,B5 若是真的想學中會跟考過國考，只學keiso完全沒法應付,1,M
2b340d29-8582-42ea-a0dd-8e818b16d942,235073363,2020-12-29T16:45:20.891Z,2020-12-29T16:45:20.891Z,10,教授的英文有點口音，上課聽得有點痛苦😂,0,F
4a300720-553b-4ce8-9503-d09824384f0a,235073363,2020-12-30T02:25:42.264Z,2020-12-30T02:25:42.264Z,11,推推政仁課助教！,0,F
ef33a3d9-1d5f-48e6-b837-c4548a609c3f,235073298,2020-12-29T08:03:20.133Z,2020-12-29T08:03:20.133Z,1,QAQQ 滷味,0,M
de7bb2e5-9d50-426c-bfde-78e022629c3c,235073298,2020-12-29T08:04:50.645Z,2020-12-29T08:04:50.645Z,2,好了啦 是要幾篇 老人臭味都飄出來了,18,M
38e1364d-23fb-4d9b-999e-50c30edead68,235073298,2020-12-29T08:28:10.914Z,2020-12-29T08:28:10.914Z,3,"我超愛吃の小館⋯
他們要關的時候我超難過",4,F
54d1cd11-9612-471a-92d9-34ddf9e01e03,235073298,2020-12-29T08:47:08.269Z,2020-12-29T08:47:08.269Z,4,借問 八角搬走後 原店面現在是賣什麼,0,M
43987722-4584-4403-867c-014dba9d16ad,235073298,2020-12-29T12:06:54.523Z,2020-12-29T12:06:54.523Z,5,"B4 川井
賣丼飯的
應該是吧",0,F
fa6ce699-3543-49c1-bc71-f7ef099cb3cf,235073245,2020-12-29T07:54:07.163Z,2020-12-29T07:54:07.163Z,1,下禮拜二考試：）,0,M
1f1a1b32-dd37-4b23-b45c-6610cdab1703,235073245,2020-12-29T07:54:49.602Z,2020-12-29T07:54:49.602Z,2,B1 我知道 但他說的範圍完全不知道要準備什麼：）,0,M
1c26bc24-b816-48fc-8573-23cdf5fbdb00,235073245,2020-12-29T07:55:13.082Z,2020-12-29T07:55:13.082Z,3,法「制」,0,M
6fa598c8-6832-4d2b-b2e9-7bebee8965d1,235073245,2020-12-29T08:24:46.074Z,2020-12-29T08:24:46.074Z,4,看考古題,0,F
04d2b075-686a-405d-a8cc-b75e3bb82600,235073245,2020-12-29T09:24:58.456Z,2020-12-29T09:24:58.456Z,5,"人民幣是有價證券
平常心",6,M
1af30302-7195-4f75-b9de-11fa32307a84,235073245,2020-12-29T09:25:56.843Z,2020-12-29T09:25:56.843Z,6,同問～,0,F
f112b228-88e7-4a31-9fdb-f5ded017d2da,235073245,2020-12-29T10:00:57.137Z,2020-12-29T10:00:57.137Z,7,蘭蔻香水、中國名片解析還有跟秘書要電話的眉角,3,M
cafffcd4-681a-422c-96bb-0455f8391cac,235073245,2020-12-29T10:08:55.983Z,2020-12-29T10:09:56.054Z,8,要能夠回答誰法學院院長做兩年卻是史上做最好的院長 甚至募款募了一億,2,M
a7318635-42d8-4622-a643-72346b5ff786,235073245,2020-12-29T11:21:09.564Z,2020-12-29T11:21:09.564Z,9,很搞笑的一門課,0,M
58f03074-0227-46f9-8645-2df513bda9c4,235073245,2020-12-29T14:44:02.435Z,2020-12-29T14:44:02.435Z,10,問你政大地址,1,F
15bb6fe2-67da-43f2-8166-adb53abe1ffc,235073245,2020-12-29T14:51:27.151Z,2020-12-29T14:51:27.151Z,11,B10 名校本身就是地址！,1,M
a8136bfc-3a61-4cbd-862a-356dae8add89,235072958,2020-12-29T10:45:30.011Z,2020-12-29T10:45:30.011Z,1,幹 嚇我 以為是院級,0,M
066f97cd-a18f-4a97-b36f-a4c1235ffd8d,235072958,2020-12-29T12:02:54.695Z,2020-12-29T12:02:54.695Z,2,想問校級院級同時上可以都去嗎,0,F
ae22cdd0-61b4-45e7-8aaa-209531e9ab1c,235072958,2020-12-29T12:10:18.147Z,2020-12-29T12:10:18.147Z,3,希望大家有上自己想去的學校～,0,F
134fb8c4-58f3-4bf4-a8e0-0515066a9a4b,235072958,2020-12-29T12:43:39.829Z,2020-12-29T12:43:39.829Z,4,"先恭喜大家有上自己喜歡的學校～也希望你們去的時候疫情不會那麼嚴重
但，討厭的前東家竟然是靠校級交換成功Q_Q",1,F
f572beac-fb7b-428d-b6d1-786949634841,235072958,2020-12-29T13:16:21.207Z,2020-12-29T13:16:21.207Z,5,@b2 不衝突哦,0,M
5f03ec77-1a40-435b-94cb-a3980afa3887,235072958,2020-12-29T17:20:46.179Z,2020-12-29T17:20:46.179Z,6,"希望大家都上理想的學校！
不過有人想要再填二階志願嗎🥺🥺",0,F
4a7108ad-27b1-416c-9af9-d288cca73a6b,235072958,2020-12-29T17:32:09.573Z,2020-12-29T17:32:09.573Z,7,猶豫要不要填二階志願，但怕上的更不喜歡XD,0,F
4135f220-7d8b-4171-83e1-884d39c54dd2,235072958,2020-12-30T01:04:35.029Z,2020-12-30T01:04:35.029Z,8,想先觀望二階有什麼名額再決定要不要賭XD,0,F
5b244d2c-141c-43a1-8f8c-110e6d87f247,235072958,2020-12-30T01:06:08.710Z,2020-12-30T03:07:19.307Z,9,,,
23a38142-cfc5-422b-b707-1db678df3d14,235072958,2020-12-30T02:05:08.256Z,2020-12-30T02:05:08.256Z,10,院級的也出來囉~,0,F
bdfe5306-1b82-417e-b03e-4c69c01d99d7,235072958,2020-12-30T03:12:08.856Z,2020-12-30T03:12:08.856Z,11,認識的幾個外系學弟妹和同系同學都有上，恭喜他們,0,M
69b4b57b-010d-44aa-82e1-700180abbc6b,235072943,2020-12-29T08:18:41.927Z,2020-12-29T08:18:41.927Z,1,推……同求考古題或者學長姐經驗(Ｔ▽Ｔ),2,F
57bfcd86-9491-481a-9446-608fec609eb6,235072943,2020-12-29T10:06:54.349Z,2020-12-29T10:07:31.531Z,2,筆記背起來 推導要會寫,2,M
8be471ca-8d8b-47bc-8347-b39a20fac539,235072922,2020-12-29T07:05:51.569Z,2020-12-29T07:05:51.569Z,1,自五一樓廁所天天有人邊洗澡邊唱，歡迎蒞臨參觀,6,M
1f7f3fbf-b63b-4286-b30a-8614321875b4,235072922,2020-12-29T07:16:18.882Z,2020-12-29T07:16:18.882Z,2,好像是雲岫廳,0,M
f886d8cd-caac-4e80-8257-5a24718353e9,235072922,2020-12-29T07:41:53.291Z,2020-12-29T07:41:53.291Z,3,在雲岫廳哦！6點開始入場！,1,M
3c906e57-8024-4852-98f7-88ddbba9d52f,235072922,2020-12-29T07:55:28.458Z,2020-12-29T07:55:28.458Z,4,"B2 謝謝您
B3 謝謝您",0,M
cf77ef44-f48e-4b8d-833a-dd48a6554c1e,235072922,2020-12-29T09:37:20.714Z,2020-12-29T09:37:20.714Z,5,B3 好期待經濟阿卡第一把交椅砲哥的演出唷,2,M
3861bf4c-2e89-4879-9a96-47211a59e54e,235072811,2020-12-29T07:28:21.685Z,2020-12-29T07:28:21.685Z,1,政大尊重甲不代表你可以在這邊發廢甲文,13,M
9e49ea9e-53f5-4205-ae14-32715ae9e26d,235072811,2020-12-29T08:41:32.505Z,2020-12-29T08:41:32.505Z,2,不要自己業配自己好嗎,4,M
93c2dedb-e7e1-47e2-913f-0507fd2f23ae,235072811,2020-12-29T09:51:04.505Z,2020-12-29T09:51:04.505Z,3,"可憐甲
嘔",0,M
e765796f-0783-46c2-8ec0-ad303120357a,235072811,2020-12-30T07:38:12.075Z,2020-12-30T07:38:12.075Z,4,剛剛路過想問還有沒有花花卡套可以買，但顧攤的紅髮女生散發一種生人勿近的感覺我就不敢過去了(o_o),0,F
d1f45a5d-09e3-4387-8d43-99b02fd700e2,235072596,2020-12-29T08:37:54.309Z,2020-12-29T08:37:54.309Z,1,去年修的路過~他沒有硬性規定字數 但是我覺得不要少的太誇張就行,0,F
75866847-e54f-4f5a-93c2-2b9b15ab45b5,235072596,2020-12-29T09:39:22.044Z,2020-12-29T09:39:22.044Z,2,B1 謝謝你!!,0,F
3b21658f-6479-4437-9e84-da06b153b163,235072596,2020-12-29T16:49:55.630Z,2020-12-29T16:49:55.630Z,3,不好意思 請問一下報告的截止期限是到幾號,0,M
089c8cc5-7146-4c02-a68c-1f01f45d6d4e,235072596,2020-12-29T22:32:06.531Z,2020-12-29T22:34:28.846Z,4,,,
8e99a8d1-b3af-43b9-aef3-5e3fe9382461,235072197,2020-12-29T05:14:26.692Z,2020-12-29T05:14:26.692Z,1,"林俊良超讚，很會教
板書簡潔扼要，小考是幾乎每次上課都要考
作業也是每次下課後都有，而且不少
整體來說紮實
會不會調分不知道~",6,F
0be0e91c-7f2e-4fc5-987b-5b5c762f102b,235072197,2020-12-29T05:43:26.754Z,2020-12-29T05:43:26.754Z,2,B1 您好~方便請問作業和考試難度會差很多嗎？ 謝謝,0,F
0ee5ffa8-9a1b-4382-b48f-0a701395a5b2,235072197,2020-12-29T05:45:45.115Z,2020-12-29T05:45:45.115Z,3,"B2 我是 B1 ,老師的作業是課本習題，一次作業裡通常有難有易，小考都考偏簡單的課本類題",1,F
1ad4c367-8389-4fb8-86c1-b77aad81ed8d,235072197,2020-12-29T06:41:24.832Z,2020-12-29T06:41:24.832Z,4,林俊良推推,0,F
d7258755-279d-4579-9b8b-5b924e77fda4,235072197,2020-12-29T06:42:21.168Z,2020-12-29T06:42:21.168Z,5,金老師  你可以試試 惟妙惟肖的英文口音，年輕的數學傑出女性,4,M
660e78cd-987a-41c2-912a-a9007379f32f,235072197,2020-12-29T07:03:17.469Z,2020-12-29T07:03:17.469Z,6,推爆林俊良，好課值得一修再修（老師明年見！）,0,M
40b21a41-2263-4979-ae21-f36b719dc23a,235072197,2020-12-29T07:18:27.081Z,2020-12-29T07:18:27.081Z,7,俞贊成的助教很帥，可以多問他問題,7,M
18e96d67-68a2-4de0-97d0-e3555b740cf2,235072197,2020-12-29T08:01:36.486Z,2020-12-29T08:01:36.486Z,8,"曾睿彬認真教學
上課易懂，小考兩次難度中偏易
老師人很好！",3,M
f3062600-455b-4f6d-9ec8-795f85ff2d3e,235072197,2020-12-29T09:47:49.791Z,2020-12-29T09:47:49.791Z,9,推推林俊良，觀念講得很清楚佐以精闢的例題，完全是微積分界的清流,0,M
6aeb54bf-e9ad-46c9-9e0b-464e49cea7e5,235072197,2020-12-29T09:49:05.976Z,2020-12-29T09:49:05.976Z,10,"推睿彬 
營養學分，又甜又涼
上學期99/下學期98",7,M
cc3af023-4cbb-4c63-99b9-396bbe9fdf20,235072197,2020-12-29T09:49:49.511Z,2020-12-29T09:49:49.511Z,11,我室友修曾睿彬的，慘不忍睹，上課如同鴨子聽雷，自己唸還比較好,0,M
94a535c0-7077-4db9-a463-bdf2f5a47d8b,235072197,2020-12-29T09:55:18.150Z,2020-12-29T09:55:18.150Z,12,B10 下學期期末120，要不過都很難,4,M
0b71529f-2591-4ff2-9b20-dc58b11a9cf6,235072197,2020-12-29T13:17:51.469Z,2020-12-29T13:17:51.469Z,13,"推睿彬  上課偏普  但分數都用灑的  
小考基本上抄題目就有分了  好爽",2,M
072ca1d1-a395-49a5-be6b-8a4d7fd9b871,235072197,2020-12-29T14:31:21.704Z,2020-12-29T14:31:21.704Z,14,"推推睿彬
小考都是助教題目勾的
有寫就會
作業是自主練習
期中期末就多做課本題目就好了",2,F
c645b1ae-2d7e-4288-91bb-658a1ebbac28,235072197,2020-12-29T15:05:45.139Z,2020-12-29T15:05:45.139Z,15,曾睿彬 應數佛陀,2,M
7ccdd7af-6669-4e29-8e49-a18c3020ccc4,235072197,2020-12-29T15:26:11.438Z,2020-12-29T15:26:29.343Z,16,我愛睿彬 上課教ㄉ好人又可愛,2,F
25a3a63e-b0c2-4c66-8280-2f2564e97de4,235072197,2020-12-29T16:37:36.132Z,2020-12-29T16:37:36.132Z,17,林俊良推推！,0,F
196657f3-15cc-4d85-88ce-000a1156de01,235072197,2020-12-30T05:15:27.286Z,2020-12-30T05:15:27.286Z,18,"推睿彬
教學有趣
在樂趣中學習微積分的好課
而且期末會調分",2,M
d0be86b8-c0dc-4e81-a3cd-7650f7d3fcf8,235072197,2020-12-30T07:05:32.187Z,2020-12-30T07:05:46.710Z,19,"推睿彬 
教學認真 老師很可愛",1,M
b6613519-99d3-41bd-8d76-c8ac27467e87,235072089,2020-12-29T04:47:12.582Z,2020-12-29T04:47:12.582Z,1,"太酷了吧
水餃店自己想的嗎skr skr skr😎😎😎",23,F
bb5312c7-4bda-4ab2-9bf5-95634f21e6b7,235072089,2020-12-29T05:12:58.393Z,2020-12-29T05:12:58.393Z,2,會幸福吧 看到的人,10,M
a2f86388-b68c-43b0-9397-3caba86df72a,235072089,2020-12-29T05:28:05.500Z,2020-12-29T05:28:05.500Z,3,"悅來嗎
飽飽的沾醬不是長那樣",0,F
f30c96b8-aad1-483d-b6c4-730c894a3bf4,235072089,2020-12-29T05:43:31.818Z,2020-12-29T05:43:31.818Z,4,越來越多蟲,6,F
d54d7ad4-1647-4ab0-9375-99a8f5b1ba0d,235072089,2020-12-29T05:47:15.803Z,2020-12-29T05:47:15.803Z,5,兩隻也太多了吧⋯,0,F
2f23de1b-5cb5-43ef-bcc0-bbcdf1888281,235072089,2020-12-29T12:35:05.764Z,2020-12-29T12:35:05.764Z,6,酷bow,0,F
cfb23822-b615-42fd-9ceb-686c0a22b3e9,235071772,2020-12-29T04:10:19.772Z,2020-12-29T04:10:19.772Z,1,"我會去莊外那間711
他們人都蠻好的",0,F
008afb07-b59a-45ae-83a4-05dcb85b3683,235071772,2020-12-29T04:17:52.379Z,2020-12-29T04:17:52.379Z,2,商院教授休息室的茶水間有,0,F
3d8599ff-951e-4662-9302-b3d6ecd9bd09,235071772,2020-12-29T04:18:08.260Z,2020-12-29T04:18:08.260Z,3,商院有吧,0,F
e4638b5e-6adc-4c8f-a2d9-c9fc4887b5b9,235071772,2020-12-29T07:43:56.338Z,2020-12-29T07:43:56.338Z,4,B1 蛤？那間不是態度超差嗎？,0,M
1ba84a65-cef1-42ad-9cda-dcd72a685494,235071772,2020-12-29T07:48:28.299Z,2020-12-29T07:48:28.299Z,5,B4 至少我去微波他們都會讓我用啦,0,F
cf90c74e-5704-44d3-b208-645eb3d26750,235071772,2020-12-29T14:47:36.379Z,2020-12-29T14:47:36.379Z,6,教授休息室妳可以用？B2,0,M
8eaae157-42d2-4ae8-badc-a83ab1ffb0aa,235071772,2020-12-29T15:13:48.580Z,2020-12-29T15:13:48.580Z,7,B6 廁所的茶水間 不用進到休息室裡面 上面寫非本棟員生才不行用,1,F
24dd8b08-c7d9-433f-b2dd-16b6e68ecac1,235071772,2020-12-29T15:26:26.093Z,2020-12-29T15:26:26.093Z,8,B7 在幾樓啊,0,F
60c92ba2-a20e-453c-afbe-4fc0f1ab96ca,235071772,2020-12-29T15:27:25.398Z,2020-12-29T15:27:25.398Z,9,B8 10 11ㄅ 有點忘記ㄌ,0,F
46879458-4683-4584-aac7-5c95314134f4,235071772,2020-12-29T16:04:20.758Z,2020-12-29T16:04:20.758Z,10,喔喔喔B7,0,M
3d324d1f-2b25-4fbd-b82f-89c0a449aa02,235071671,2020-12-29T03:34:47.363Z,2020-12-29T03:34:47.363Z,1,"我比較想知道
跨年想穿是要跟妹子約會嗎",10,M
8db4d428-363b-4d78-842e-2fdeeb641da6,235071671,2020-12-29T03:40:04.618Z,2020-12-29T03:40:04.618Z,2,過道南橋那家,0,M
ded27e1b-d549-4346-9c25-2a9d2c1e8837,235071671,2020-12-29T03:53:56.194Z,2020-12-29T03:53:56.194Z,3,木柵市場有,1,F
4af869f0-c2f7-4da5-94f6-9ccc931287ca,235071671,2020-12-29T03:56:24.484Z,2020-12-29T03:56:24.484Z,4,政大實小那邊有,0,F
e5420303-0c7b-4b0c-ac64-91b8a8d437fe,235071671,2020-12-29T07:55:08.893Z,2020-12-29T07:55:08.893Z,5,推老薑咖啡對面那間！開到晚上十點左右 阿姨人很好～一兩天應該是沒有問題,0,F
b0d30e58-9f2b-49ad-8514-28cc369a881c,235071671,2020-12-29T08:27:58.633Z,2020-12-29T08:27:58.633Z,6,木柵市場有一家！改超快現場等15min就能拿到,0,F
0486346d-5036-4073-9f29-13b2d4286e32,235071671,2020-12-29T08:52:14.261Z,2020-12-29T08:52:14.261Z,7,"秋香
道南橋橋過去而已很近 覺得品質尚可",0,M
13b05600-6bd2-4240-a54b-349d4cbc3f3a,235071671,2020-12-29T10:29:52.777Z,2020-12-29T10:29:52.777Z,8,"B1 答對了
B2 感謝！想問你覺得改得如何呢？
B3 是跟b2說的同一家嗎？
B4
B5 等等TA課上完來去看看！感謝妳們！
B6
B7 謝謝你們！等等也會去看看😀",0,M
8ac7a20c-378d-4cf8-8eb4-711e68158b47,235071671,2020-12-29T14:46:56.982Z,2020-12-29T14:46:56.982Z,9,推 精格！ 各大百貨公司都有，基本改褲長100元，一小時可以拿到，品質保證！,0,M
389b1122-eff8-4756-99cc-1933db961dbb,235071575,2020-12-29T03:10:26.728Z,2020-12-29T03:10:36.283Z,1,不是說很雷？不意外吧 雖然我也沒吃過,0,M
7d814795-e05d-40f6-a7ee-c1a9cb190682,235071575,2020-12-29T03:18:49.335Z,2020-12-29T03:18:49.335Z,2,你用IE？,37,M
a07ac2c5-402e-444c-a047-1c458c4713d7,235071575,2020-12-29T03:37:54.792Z,2020-12-29T03:37:54.792Z,3,https://i.imgur.com/9Pe89Zi.jpg,107,M
c234a453-b2ed-47fc-ba7d-4c1dbd88dfa4,235071575,2020-12-29T03:47:13.077Z,2020-12-29T03:47:13.077Z,4,世界都大亂了妳才發現,11,M
c76a424d-6800-4959-97d4-60f529722ae7,235071575,2020-12-29T03:53:22.214Z,2020-12-29T03:53:22.214Z,5,沒吃過的就菜雞吧,1,F
f0d144e7-132e-4e79-987d-202089ed063e,235071575,2020-12-29T06:01:20.928Z,2020-12-29T06:01:20.928Z,6,妳那邊還來得及，股票趕快買台積電！！,5,M
e64b5048-66fa-49e4-85bc-ef83a1e12e1d,235071575,2020-12-29T06:18:02.195Z,2020-12-29T06:18:02.195Z,7,不要投韓國瑜,1,F
95fa8f78-6aa6-42b6-9261-7a3e37509a04,235071575,2020-12-29T06:20:25.310Z,2020-12-29T06:20:25.310Z,8,你那邊還來得及 叫武漢人不要吃野味,5,M
a98e2804-85cb-4909-92ae-54bf0b445035,235071575,2020-12-29T06:53:23.780Z,2020-12-29T06:53:50.994Z,9,詳見大同與小康 裡面有一套方法可以帶你找回世界大同,4,M
6cc05fb9-1888-416a-9efe-fd839c2132e9,235071575,2020-12-29T07:26:28.421Z,2020-12-29T07:26:28.421Z,10,B5 OK Boomer (ʘᴗʘ),1,M
8b315e1b-ebb3-4305-9555-1d173e03805e,235071575,2020-12-29T07:56:46.752Z,2020-12-29T07:57:16.123Z,11,"妳那邊還來得及
多囤一點口罩
然後跟川普說好好處理疫情
不然他會連任失敗",0,M
35d6c330-6f0d-41b4-bf98-f74a801a467a,235071575,2020-12-29T09:16:12.298Z,2020-12-29T09:16:12.298Z,12,樓上風趣又幽默 我直接輸,1,M
039b5031-0699-4abb-a5f9-205d101e6943,235071575,2020-12-29T14:13:20.162Z,2020-12-29T14:13:20.162Z,13,今天發現泰八角變成八角0.0,1,M
7dd848e3-9657-4eb7-9b77-76fff1f72091,235071460,2020-12-29T03:22:04.767Z,2020-12-29T03:22:04.767Z,1,卡,0,M
9283cf8f-4408-4901-9022-2bc7fa0ddce8,235071460,2020-12-29T03:46:48.398Z,2020-12-29T03:46:48.398Z,2,再卡一篇,0,M
1ab28c1a-a553-4220-9d34-f525d313b65e,235071460,2020-12-29T07:21:09.119Z,2020-12-29T07:21:09.119Z,3,我也需要... 給個指點就可以了...,0,M
98adf206-22d7-4e19-ac29-45861022d2cc,235071382,2020-12-29T03:27:21.183Z,2020-12-29T03:27:21.183Z,1,@阿財,0,M
11a07340-743d-4f24-b89d-6cad02bc5706,235071382,2020-12-29T03:40:17.761Z,2020-12-29T03:40:17.761Z,2,那個財態度真的....,2,M
a34d8c93-8a76-4a96-ae4f-c285eb13b2f2,235071382,2020-12-29T03:49:00.203Z,2020-12-29T03:49:00.203Z,3,習慣就好，政大就這水準,2,M
b157eb6f-d536-48e5-b3d8-26cba509c95a,235071382,2020-12-29T04:47:12.886Z,2020-12-29T04:47:12.886Z,4,agree,0,M
ef90ef0b-3e54-4742-8c78-15ecafb24da5,235071382,2020-12-29T05:00:14.802Z,2020-12-29T05:00:14.802Z,5,真的不明白財姓工友到底在跩啥,2,M
e411226f-38ee-4491-9ca3-3527f37c8695,235071382,2020-12-29T07:06:05.071Z,2020-12-29T07:06:05.071Z,6,阿財不是神人嗎？,0,M
adbc1a6d-9476-42a8-b9ca-8f5936ca24b1,235071382,2020-12-29T07:21:08.136Z,2020-12-29T07:21:08.136Z,7,譚助教人很好 其他就 ㄜ⋯,0,M
69ce1803-419e-4b9d-93d0-3d1feda40023,235071382,2020-12-29T10:44:50.853Z,2020-12-29T10:44:50.853Z,8,B7 你是不是談助教的兒子內鬼🥲,4,M
1efc4c45-e13f-4461-a3b2-17f118ed9730,235071382,2020-12-29T12:06:58.368Z,2020-12-29T12:06:58.368Z,9,資科現在甚至還有門禁，修課同學刷不進大仁根本真天龍院吧ㄏㄏ,2,M
20676d8a-8b23-411d-8ae6-38ea9bd5a860,235071382,2020-12-29T19:13:19.674Z,2020-12-29T19:13:19.674Z,10,他媽的我記得系上WiFi快到期中才弄好，@財連個WiFi都修不好？,1,M
414e1636-d0d5-41a5-98ca-dfba68dcd563,235071234,2020-12-29T02:07:47.905Z,2020-12-29T02:07:47.905Z,1,上次自十也有聽到，超級吵，還以為在菜市場,1,F
42cd422c-00a3-41d3-a2cb-1ba82365b26d,235071234,2020-12-29T02:09:48.177Z,2020-12-29T02:09:48.177Z,2,現在吵到莊六三樓...,1,F
bf9685f5-33ec-4918-adcf-0d10a98c0b71,235071234,2020-12-29T02:10:26.537Z,2020-12-29T02:10:26.537Z,3,女人自古相輕,5,M
a26e08ae-7511-477d-b5d7-dfd623216a92,235071234,2020-12-29T02:41:51.621Z,2020-12-29T02:41:51.621Z,4,9.多不算早吧,8,F
0790ca64-48f4-49af-a85b-c99b073aaa90,235071234,2020-12-29T02:42:50.988Z,2020-12-29T02:42:50.988Z,5,莊六三樓也超誇張= = 吵死了有夠沒水準,1,F
517981c4-bd57-4da9-8dc7-a466d9db379e,235071234,2020-12-29T02:45:59.767Z,2020-12-29T02:45:59.767Z,6,B4 但是音量真的蠻誇張 平常同學們也不會在走廊裡大聊大吼～,2,F
36101b67-86df-4bf3-beb9-f7766dd4d35f,235071234,2020-12-29T04:04:38.456Z,2020-12-29T04:04:38.456Z,7,他們要一大早就起床辛苦的打掃你們產生的髒亂 還要求一堆 將心比心好嗎,2,M
e5ee8ac7-2613-4868-9c9e-cdbcbdb4726a,235071234,2020-12-29T04:11:46.239Z,2020-12-29T04:11:46.239Z,8,B7 對呀工作很辛苦所以在宿舍區大吼大叫聊天也沒關係啦,16,F
dd9e78c5-ba82-4b2e-a0c7-2b70cd0ca2d1,235071234,2020-12-29T04:15:23.520Z,2020-12-29T04:15:23.520Z,9,B3 工人也有阿伯ㄛ(◐‿◑),2,F
cf9a96e1-e81b-4dd9-9c58-dd6919ffdc2d,235071234,2020-12-29T04:16:09.755Z,2020-12-29T04:28:26.397Z,10,B4 但對早上沒課的人來說算早ㄅ 反正都還算是早上。而且早不早蠻主觀的，我只是說「我」覺得蠻早的。,0,F
886ce91d-3d3a-4fe4-ae8e-da2db713eef1,235071234,2020-12-29T04:16:54.252Z,2020-12-29T04:16:54.252Z,11,B6 對== 真的沒有人平常會在走廊那麼大聲。,0,F
8fe20bb4-baf9-4acd-abad-04c50bafdd9a,235071234,2020-12-29T04:18:32.594Z,2020-12-29T04:19:00.476Z,12,B7 他們又不是免費幫忙打掃⋯⋯而且這算什麼要求一堆(?) 宿舍不管什麼時候本來就不能那麼吵吧 只不過要求不要聊天那麼大聲很過分嗎(◐‿◑),3,F
6f9a5258-dd2d-482b-8a4a-b5da9cd7bfce,235071234,2020-12-29T04:19:54.167Z,2020-12-29T04:19:54.167Z,13,B10 早上沒課選擇不起床是妳的事情 但客觀來說 早上九點聊天應該不算什麼事情了吧,3,M
85daafe6-ba3a-47f6-9bd9-0c6036ed328c,235071234,2020-12-29T04:25:14.807Z,2020-12-29T04:29:22.266Z,14,B13 是啊，不管我有沒有課、要不要起床都是我的事。但我還待在宿舍裡，不管我是在什麼狀態，都有權利可以要求我房間外面的走廊不要那麼「大聲」的聊天吧？ 我今天主要抱怨的是聊天太大聲哦。,3,F
bd7a5826-45b5-452c-81aa-15490b1c7fa2,235071234,2020-12-29T04:27:50.314Z,2020-12-29T04:27:50.314Z,15,我當初也是受不了才外宿的 原po可以考慮一下,0,M
a26cfb6f-f761-4ad4-a65c-df875241e769,235071234,2020-12-29T05:09:51.610Z,2020-12-29T05:09:51.610Z,16,嬯,4,F
b386f748-4d15-4cd1-abe5-c7c66de90ad1,235071234,2020-12-29T05:33:41.600Z,2020-12-29T05:33:41.600Z,17,到現在還在吵...而且我覺得在女宿中聽到男性講話的聲音就覺得不舒服很沒安全感 而且真的太大聲了...,3,F
eaa227ae-b7e3-4fa4-be82-06fcc4a2357c,235071234,2020-12-29T06:35:13.026Z,2020-12-29T06:35:13.026Z,18,"我是覺得直接請他們小聲一點就好了啊
如果請他們沒有用直接投訴住宿組或者找宿代啊",2,M
0452496b-f1e7-450a-b189-954197efa6f5,235071234,2020-12-29T06:45:02.842Z,2020-12-29T08:13:35.004Z,19,,,
b005e0e0-0405-480d-b162-73d24cf7f003,235071234,2020-12-29T08:01:07.530Z,2020-12-29T08:01:07.530Z,20,B18 他們人多到我不知道該跟誰講⋯⋯,0,F
06a3f560-71d4-4e94-9734-0915e7fb2b28,235071234,2020-12-29T09:10:53.347Z,2020-12-29T09:10:53.347Z,21,你睡很爽欸 他們8.多就開吵囉,0,M
904d7b0c-e0f1-4f38-89eb-9c4773d6a738,235071234,2020-12-29T09:35:30.809Z,2020-12-29T09:35:30.809Z,22,B21 可能9.多才吵到我們那邊ㄅ(?),0,F
b820207d-28d8-4d4b-8829-31086dba785d,235071234,2020-12-29T09:42:46.328Z,2020-12-29T09:42:46.328Z,23,B22 有可能 我也好氣阿,0,M
e98d4496-3bcd-4477-91d8-83fe6e031a21,235071234,2020-12-29T13:42:57.506Z,2020-12-29T13:42:57.506Z,24,"我住莊六三樓 一樣常常七八點就被他們吵起來
不過有部分原因也是莊外隔音很差 連隔壁房、浴室有人講話在房內都可以聽得一清二楚= =
我覺得可以跟舍方反映一下啦 畢竟之前有人投訴深夜用洗衣機、烘乾機很吵雜，他們確實有所作為
要求清潔人員早上儘量保持安靜相對來說還比較簡單",2,F
6bd0c9f2-94a2-401b-aca5-80f88be493a1,235071234,2020-12-29T16:25:06.162Z,2020-12-29T16:25:06.162Z,25,"九點還不起床是要睡多久
有意見跟他們說阿
我們看起來像是清潔工嗎？

上大學連這點破事都不會自己解決哦",0,M
d40a9866-ced6-4efd-95f7-ff7b31a9a9b0,235071234,2020-12-29T17:40:43.273Z,2020-12-29T17:41:03.084Z,26,"B25 我要幾點起床到底乾你屁事：）
我4:30才睡不能晚點起床嗎：）
我只是反應這個情況想知道有沒有跟我一樣受害的大家
順便問問怎麼客訴：）
我是沒見過口氣那麼差的清潔工啦有的話肯定是第一天就被辭職吧。
我看起來像伸手牌要求別人幫我解決嗎？^_^ 
沒幫別人解決問題就不要只會出一張嘴打嘴砲。",1,F
f96cf7f9-8e3f-47e6-bfa1-73169bb9d911,235071234,2020-12-30T05:58:02.632Z,2020-12-30T05:58:02.632Z,27,"B26 啊你文章就知道晚睡是自己問題
到底現在是在靠北三小
怎麼客訴你住宿組不問住宿生代表不問
服務台不問上來低能卡問
這不是伸手牌不然是什麼

怕你沒自覺再說一次啦 
讀到大學連基本的問題解決能力都沒有
跟只會嘴砲好像差不多欸🤭🤭",0,M
66658407-057a-4467-89c3-1b5f9aabedfe,235071234,2020-12-30T06:13:59.139Z,2020-12-30T06:13:59.139Z,28,"B27 我又沒說晚睡不是自己問題==
我主要是在靠北他們在宿舍公共區域太吵有什麼問題嗎：）我有繳錢住宿我總有那個權利要求不要大聲聊天吧。敢不敢先給我看清楚文章再來留言還是你有閱讀上的任何不便嗎。
我已經跟認識的宿代靠北完了。我只是想知道還有沒有人跟我一樣受害，統計一下。順便問問有沒有其他辦法。阿你這樣上低能卡一直嘴砲也沒比較好欸🈹️
說真的怎麼又知道我沒有解決的能力呢：）
不過你這樣說所以是承認自己只會打嘴砲嗎 你也是蠻可憐的",0,F
594509c3-2f6f-43ba-a41c-0ee09cb18489,235071055,2020-12-29T02:13:20.370Z,2020-12-29T02:13:20.370Z,1,那你叫他講中文啊,34,F
ff042007-df9c-4d1f-aa79-44a335fc75b1,235071055,2020-12-29T02:15:42.625Z,2020-12-29T02:15:42.625Z,2,抓到 現成CCR 下去,0,M
c108e917-8bcd-442e-ad24-81c33a194bbe,235071055,2020-12-29T03:00:27.546Z,2020-12-29T03:00:27.546Z,3,市區的八千代系列 市政府有一間 cp值高,5,F
83f405cf-6895-49b5-bad5-a78a7e929402,235071055,2020-12-29T04:37:01.129Z,2020-12-29T04:37:01.129Z,4,B1 好好笑,0,M
